TAR 15                           0001                          1001110101000001000000001000000000000010010100000000100010001000001000000011000011100110111111011000010000100110000100000011001100100000110011011011101110101101100011110000110011000111110000101011100000000010001101101001110001111101111000110001100110001100000110011010100000010011000011100101100001010000011101100001100
LMG 10953                        0002                          0000100001000001000000001000000000000000010000001100011010000000011000000000000111100110011110011000110001100011011011000011001111000011000010000111001111111111100011111101100011011111110011111111100000001101000000000001111000011101111000111001101100001100000110001110000000011000110011100111110001010010110011100000010
RFT 15                           0003                          0001100110000001100000001000000100000100000010000001001011001000001100000010000101010100001011010000010000100010000101000010011110100000101010011101101111101111101011110001000011001111100001011101110000000010000000000001111000111101100010010101111100001100000110001110000001110011100011100100000110000000010001010000000
RFT 31                           0004                          0001100101000010100000001000000100000100000000000000011011100100011110000011000111010110011011010000010000010011000111000010011110100000111110111110111111101111101011110001100011001111100001111111100000000101000000000001111000111101100010000001101100001100000110001110000001110010110011000110000111000000010000000000000
INCO 19                          0005                          1000100110001001010000001001000011000000011100000001001100001100001100000011000111111111111111011000110110000011000111000000101100000001111111000100001111111111101010110011100011000001100001101011100110001111010100000001111001111101100001000001101100011100001111001101100000000011110011000001100001010000000000011000000
INCO 16                          0006                          1000100110000101010000001000100001000000010100000001000100000100001000000010000011010010001111101000010110000010000011000000101100000001111011000100001111111111101010110011100011010001110001101011100110001111010100000001111001101101100101000001101100111100001111001101010000000101111011100101100001010000000000011000000
INCO 85                          0007                          1000000101000101000000001000100011000000001110001100000110111000011001100011000111111110011011110000110000100111001111000000000001110011110000011000001111111111100011101100000111001111110111100111100000000011010100000001111000111111100110000001101100001100001011101110000011011110110011000001110001100000001101000000000
INCO 79                          0008                          0000000101001001000000001000100001000000001100001000000010011000001001000001000100101010001010100000010000100010001011000000000000110011110000011001001111111111100011101100000111011111110111100111100000000011010100000001111000111111100110000001101100001100011111100110000010110011010011000101100001000000001000000000000
INCO 89                          0009                          1000000101000101000000001000100001000100001100001001000000101000001001000001000100110100010010100000010000001100001010000000000001010000110000011001001111111111000011000000000111001111110110000011100000000000010100000001101000101111000110000001101100001100011111101111000101010011101011000101100001000000001000000000000
R-14964                          0010                          1000000111000101000000001000100001000100001100001001000000101000001001000001000100111100010011100000010000100110001011000000000001110000110000011001101111101111100011000000000111001011110110000011100000000000010100000001110000101101100110000001111100001100011011101100000001010010011011000100000000000000000000000000000
INCO 38                          0011                          1001110101000011110000001001000000011101010001000001001001001100001001100011000101010010000011110000000000110110000111110111101000100001100000000011011111101111111011111001100011100001100111111111100000001010001101010011111011110001100000110001101100001100000110011110100000010010110011000101100001001000101001000000000
INCO 33                          0012                          1001100101000011110000001001000000111101010011000001001001001100011001100011000100011010000111110000000000000110000011110011101100100001100000100011111111001111111011111001100011100001100110111111100000001100001100110011111011110001100000110001101110001100000110011110000000010010110011000101100010001000000000000000000
INCO 199/R14967                  0013                          1001100100000011010000001001000000011101110001000000010000111000001001000001000101010010000011110000000000100110000111010111101001100001100000000001111111101111011011110001100011100001000110111011100000001010001101100011111011110001100000110001101100001100000110011111000000010011100011000011100101001010111101110001000
INCO 188                         0014                          1001110101000001110000001001000000111101010011000000011000111100011001100011100111111110000111111000000000110110000111110111101100110001100000000001111111111111111011111001100011110001100111111111100000001010001100110011111011110001100000110001101100001100000110011111000000000011100011000101100001000000011001000000000
INCO 47                          0015                          1001100101000001110000001001000000110111010001000000011001111100011001100011100111111110000111111000000000110110000111110111101100110001100000000011011111111111111011111001100011110001100111111111100000001100001100110001111000110001100000110001101100001100000110011110000000000011100011000001100000001000001000000000000
INCO 39                          0016                          1001110101000001101000001001000000111101010001000000001001001100001001100011100111111010000111111000000000110110000111110111101100110001100000000011011111111111111011111001100011110001100111111111100000001011001100110011111011110001100000111001101110001100000110011110100000000001100011000101100001001010101000000001000
INCO 246                         0017                          1000010101000001001000100000000000000000110010001000100000101000001000100011000111100110011110011000111000000000000011000111001101100110011000010101101111101111000011110001100011110001100000111011100000000000001100000001111000111101100000000000111100000011011110111110100011110011101100000101100001010100010000010000000
INCO 243                         0018                          1000010101000001001000100000000000000001010010000000100000101000001001100011000111100110011110011000111000000000000011000111001101000110011000000101101111101111000011110001100011110001100000111011100000000000001100000001111000111101100000000000111100000011011110011110000011111011111000000100000000000000000000000000000
INCO 244                         0019                          1100010101000001001000100000000000000000110010000000100000101000001001100011000100000110011110011000011100000000000011000011001101000110011000010101101101101101000011110001100011110001100000111011100000000000010100000001110000101101100000000000111100000011011110011010100011110011100000000111000001001000000000000000000
INCO 222/R14974/LMG 19270        0020                          1000010101000001001000100000000000000001010010000000100000110000011000100011000100000110011110110000111000000000000001100011001101000100011000010101101111101111000011110001100011110001100000111011100000000000010100000001110000101101100000000000101100000010001110011110100011110010111000000101000000000000000000000000000
INCO 214                         0021                          1000011101000001001000100000000000000001111110000000110000101000011001100011000110000110011110011000111000000000000011000111001101100110011000011101101111101111000011110001100011110001100000111011100000000000001100000001111000111101110000000000111100000011001110111111000011111010101000000100000000000000000000000000000
INCO 242                         0022                          1000011101000111001001100001000000000001100110001000110000101000011001100011000110000110011110011000111000000000000011000111001101100110011000011101111111101111000011110001100011110001100000111011100000000000010100000001111000111101110000000000111100001011001110111111000011110010100000000100000000000000000000000000000
INCO 213                         0023                          1000010101000001001000100000000000000000110010001000110000101000011001100011000110000110011110011000111000000000000011000111001101100110011000011101101111101111000011110001100011110001100000111011100000000000001100000001111000111101110000000000111100001011010110111110100011101010110100000101100101000000010000000000000
INCO 407                         0024                          1000111110000001001100011001001100000001100010000011011000011100011000000011000111100111111000100001110001111011110001000000011000000000110010011001101110101111101010111101111111110011101101111011000000001111001100000001111000110001110101000001101100001100001111010111000000010011111011000111110011100001001111011000000
INCO 376                         0025                          1000111110000001001100011001101100000001100010000011011000011100011000000011000111100111111000100001110001111001111000000000001100000000110110011000101110101111101010111101111111110011101101111001100000001111001100000001111000110001110101000001101100001100001111011011000000010011101011000111110101100001001111011000000
INCO 389/LMG 20548               0026                          1000010110000001001000010001001100000001100010000001011000001000011000000011000111100111111000100001110001111011110000000000001100000000110010011001101110101111101010111101111111110011101101111011000000001111001100000001111000110001110101000001101100001100001111010111000000010011011011100111110011100001001111011000001
INCO 404                         0027                          1000010110000001001100001001001100000000100010000001011000001000001000000011000111100111111000100001110001111001111000000000011000000000110010011001101110110111001010111101111111110011101101111001100000001111001100000001111000110001110101000001101100001100001111010111000000010011101011000111110111010001001110110000000
INCO 377                         0028                          1000110110000001001100010001001100000001100100000011011000011100011000000011000111100111111000100001110001111011110000000000011000000000110010011000101110101111001010111101111111110011101101111011000000001111001100000001111000110001110101000001101100001100001111010111000000011011011011000111110111100000001100110000000
INCO 383                         0029                          1000011101000001011000001001001100000001100010000011010000001100011000000011000111100111111000100001110001111001111011000000011000000000110010011001111110101111101010111101111111110011101101110011100000001111001100000001111000110001100101000001101100001100001111010111000000010011101011000110110101100001001101010000000
INCO 385                         0030                          1000011101000011001000001001000100000000100010000001011000001000001000000011000111100111111000100001110001111001110011000000011000000000110010011001111110101111101010111101111111110011101101111001100000001111010100000001111000110001110101000101101100001100001111010111000000010011111011000110110101100001001111111000000
INCO 400                         0031                          0000010111000001000100001001001100000001100010000001011000001000011000000011000111100110111100110001110001111011110000000000001100000000110010011000101100111101101010111101111111110011101101111001100000001111010100000001111000110001110101001001101100001100001111011010000000010011100011000111110011000000001100000000000
INCO 388                         0032                          1000010110000001000100001001000100000001100010000001011000001000011000000011000111000010111100100000110001111011100000000000001100000000110010011000101110101101101010111101111111110011101101110001100000001111001100000001111000110001100101000001101100001100001111011010000000010010101011000111110101000000001100010000000
INCO 382                         0033                          1000010111000001000100001000100100000000100010000001001000001000001000000010000011000100111000100001110001111001110001000000001100000000110010011001101110101111101010111101111111110011101101111111000000001111001100000001111000110001110101010001101100001100001111011010100000010010101011000111100101000000001100000000000
FKFO 126                         0034                          0000110000000010100000010000000100000000100100010010101000000101001000000000000100011010100101111101000100010100010110000000011001111101101110000000011000110001100011111000000011101110001111000111001110000000101100011000011000111000000000001011111100011010001000110110000100011111000011110000000011000010000001101011110
FKFO 114                         0035                          0001110000000110100001110000001100000001111100110010010000001111001100000000000100001011001101011101000100011110010110000000011001101101101110000000011000110000110011111000000011101110001111000111001110000000101100011000011000111000000000001011101100011010001000110110000100011111000011110000001011000010000001101100110
INCO 133                         0036                          0001111100000110100000010000000100000000010100010010111000000111001100000000000100001010100101111101000100010100010100000000001000100101001000000000010001000001000010010000000011000100001101100001001100000000101100010000011000111000000000001011101100011010001000110110010100011011000011110000011011000100000001101010110
RFT 55                           0037                          0000110000000001010000010000000100000000010100010010111000001101001000000000000100001111000111011101000100010100100100000000001001100101101110000000011000110000100011110000000011101110001111000110001110000000101100011000011000111000000000001011111100001110000000110110000000011011000011100000000011000000000001100000000
RFT 59                           0038                          0000110100000001010000010000000100000000010100010010101000000101001000000000000100011111000111111101001100011100110110000000011101111101101110000000011000110000100011110000000011001110001101000110001100000010101100010000010000111000000000001011111100001100001000110110001000011011000011100000011011000000000001101010000
RFT 60                           0039                          0000110000000001010000010000000100000000010100010010111100001101001000000000000110011111101111111101101100011110110110000000011101111101101110000000011000110000110011111000000011101110001100000011001110000000101100011000011000111000000000001011101100001000000000110110000000011011000011100000000011000000000000000000000
RFT 5/R15114                     0040                          0000110000000001010000010000000100000000010100010010010000000101001000000000000100001011000111111101001100011011110110000000011000100111001110000000011000110001100010011000000011100110001100000001001110000000101100011000011000111000000000001011001100001000000000110110000000011111000011100000000011000000000001000000000
R 1575                           0041                          0000110000000001010000010000000100000000010100010010011001001101001000000000000110011111101111111101101110011011011110000000011101111101101111000000011000110000110011111000000011101110001111100111001110000010101100011000011000111000000000000011101100001110001000111110001100011111000011110000001000000000000001100000000
R 1529                           0042                          0000110000000001010000010000000100000000010100010010101101001101001000000000000100001111101111111101101110011011110110000000011101111101101111000000011000110000110011111000000011101110001111100111001110000010101100011000011000111000000000001011101100000110000000110110000100011111000011110000001100000000000001101000000
R 1592                           0043                          0000110100000001010000010000000100000000010100010010111101001101001100000000000100001111101111111101101110011011011110000000011101111101101111000000011000110000110011111000000011101110001111100111001110000010101100011000011000111100000000001011101100001110001100110110001100011111000011110000011000000000000001100000000
R 1579                           0044                          0000110000000001010000010000001100000000010100110010111000001111001100000000000110011111101111111101101110011011110110000000011101111101101110000000011000110001100011111000000011101110001111100111001111000010101100011000011000111100000000001011101100001110001100111110001100011111000011110000001000000000000001100000000
INCO 17                          0045                          0000110000000000010000010000000000000000011100110011111100111101001100000000000110001111111111111011101110011011011110000000011100111111001110000000011000100011100111100000000011100111101111100011001110000010101100011110011011101001100000001011110000001111000000111110001100011111000011110000011000000000000001101000100
RFT 35                           0046                          0000110100000010100000100000001000000000100100110111111001001111001100000000000110111111101111111111001110011011110110000000011101111111001111000000011000110000110011111000000111101110001111000111001110000000101100011000011000111000000000001011001100001000000000111110010000011111000011110000011011000000010001101010110
RFT 54                           0047                          0000110100000010100000100000001100000000111100110011111101001111001100000000000110111111101111111101101110011011110110000000011101111111001111000000011000110000110011111000000011101110001111000111001110000000101100011000011000111000000000001011101100001110001000111110001000011111000011110000000011000000000001101110110
RFT 40                           0048                          0000111000000010100000100000001000000000100100010010101000001001001000000000000100111111101111111111001110011110110110000000011101111101101110000000011000110000110011111000000011101110001111000111001110000000101100011000010000111000000000001011001100001000001000111110010000011111000011110000011011000000010001101011110
RFT 48                           0049                          0000110000000010100000100000001000000000100100110010111000001101001000000000000100011111101111111111001110011110110110000000011101111101101111000000011000110001100011111000000011101110001111100111001110000010101100011000011000111000000000001011101100001100001100111110001100011111000011110000011011000001010001100011110
RFT49                            0050                          0000111000000010100000100000001100000000100100110111111001001111001100000000000110111111101111111111001110011110110110000000011101111101101111000000011000110000110111111000000011101110001111100111011110000010101100011000011000111000000000001111001100001100001000110110001100011111000011110000011011000100010001100011110
RFT 26                           0051                          0000110100000010100000010000001000000000100100100011111001001101001000000000000110011111101111111111001110011110110110000000011101111101101111000000011000110000110011111000000011101110001111000111001110000010101100011000011000111000000000001011101100001100001000110110001100011111000011110000000011000100010001101100110
RFT 22                           0052                          0000111000000010100000100000001000000000101000100110111001001101001100000000000100011111101111111111001100011110110110000000011101111101101110000000011000110000110111111000000011101110001101000110001110000010101100010000011000111000000000001011101100001100001100110110001100011111000011110000000011000010010001101010110
FKFO 147                         0053                          0001110000000011100000110000001100000000111100110010111101001111001100000110000110111111100011111100001110011011011110000000011110111111001111000000011000110000110110111000000111100110001111100111001111000000101100011100011000111100000000001011101100001100000000110110001100011111000001110000000011000000000000000000000
FKFO 138                         0054                          0000110000000010010000010000001100000000110100110010111100001111001100000110000110111111100011111100001110011011110110000000111111111111011111000000011000110000110110111000000011101110001111100111011111000000101100011000011000111100000000001011111100001100000000110110001100011111000011110000000011000000000001100000000
TAR 1                            0055                          0100000000000000000000011000101110000110100001010011011010100101000110000000011010001000100011100000100000001000100001001000010100000000101000000000000000000000010100011100001001001100001000100000101000000111000000010111010001000111101011110111100011010011001101100010100000011111000011011111110101000010001110110110000
FKFO 136                         0056                          0100000000000000000000011100101100000011100001010101011010100101100110000000011010001000100011100000100000001000101001001000010100000000101100000000000000000000010100001100001001001100011000100000101000000111000000001111000001000111101011110111100010110011001101000100100000101100000011010100110000000000000000000000000
LMG 19703T                       0057                          0100001000000000010000001000100000000010100001010001010010000001000010000000011000100001000001100001000000111001100100011010100100000000100100000000000100000000011000011100000001001000001000000000011100100101000000011110010000100111010101110001100001110011110100000100000001010111000011110100111100000000000000000100000
VIB 419                          0058                          0100000000000000000000000101001001000001110000010011100010100111100110000000011100001000001111100001000000001000000000001000011100000001101100000000000000011000110000001100010011001100011000000000000000100100000000010110000000000100110100110011100000000011001010000100000000010100000011000000000000000000000000000000000
LMG 11259                        0059                          0100000100000000000000000101001001001010110010010111111010100101100110000000011100011000011111100001100000001000000010001100011100000000101100000000000000001100011110001100011001101100011000000000101001100101000000010110110000000110111010111011100010111111011111000110100100011110000011010100110001000000001100000000000
LMG 11258T                       0060                          0101000000001000000000001101011101000010110000111111111110101111110111000000111100011000011111100001100100001001100001001100111100000001101100000000000000000000011110001110011011101100011000000000111101100011011000011000110000100110110011111011100011011111011111100110000110010111100011111110110000000000001100000000000
LMG 16836                        0061                          0100010010000000000000001101001111111001000000111111011110111111110111000000111110011000111111100001100110011000000001001100011110000001100000000000000000000000011110011000001000001100011100000000001101100011010000010110011000100111100011011001100011011111111100000110000000011011100011000110011001100011001110110011000
TAR 2                            0062                          0100000100000000000000011100111100000110100001010011011010100101100110100000011010001000111111100000100100001000101101001100011100000001101100000000001000000000010110001110011001101100010100000000101100000111100000001111111011000111100011110111100001011011101111100110110000011111000011011110111001100001101110110110000
LMG 11663                        0063                          0100000100000000010000001001001111001011100000010111111010000101110110000000011100011000000111100001100110001000001101101100011100000001101100001100010000001100011110001110011001101100011100000000001011000101100000000110111001101110100011111011100000111011110111100110100101100111100011011110111101100000000111110111000
VIB 420/R14995                   0064                          0000001111000000110000000011000101000000000000010110011000000000000000000001111111001000000110000000000000011000000000001000010100000000100000000000000000000000011000000100001001001000010000000000000001000101000000001110000000000010010010010011101000010011001110000110000001101100000011110100001000000000001000000000000
K 14                             0065                          0011111111111100001100010010000001000110000000001000000001110000001111111110111000000000111000000000110011000000001110000001111100000001111000000000000000000100001100001000000000000000000100000001000011010000011000000011111100001100111100110001100001000110000000100000000111100011000011110111100000000001100000000000000
K 26                             0066                          0000100001001000001110010010000001000110000000001000000000111000000010101100001000000000001000000000110001000000000110000001101100000000111000000000000000000110001101011100000000000000000110000001100011100000011000000011111100000100111011110001100001000110000001100000000111100011000011110010110000000001100000000100000
NCIMB 13582T                     0067                          0100100001001000001100110100000000000110000000001000000100101000000011101100001000100000110000010000010101000000001001000000110110000101010000000000010000000100001011011000000000000000000100000001000010100000010001000010101000001100110100100101000010000100000001000100000101000110000011110101100000000001100000000000000
K 31                             0068                          0000100001001000000100110000000001000100000000001000000000000000000111111100011000000000111000000000110011000000000010000000101100000000001000000000000000000010000101011100000000000000000110000000000011000000011000000011110000000100110101110001100000000010000000000000000110100000000011010010100000000001100000000000000
K 32                             0069                          0100100001001000001010010110000000100010010011111000001100100000000001000000000100000000011000010000111110110000000011000000110110000000000000000000011000111110001111011110000000011000000110000000000011100000011000000011010100001110110110110001110011000000000000110100000111100011110011100011111000000001100000000000000
K 16                             0070                          0110100101001000000010110100000000101011000000001010000100100000100011000100000011000000010000100000000001011000000001000001101110000001111000000000000101101001101111011111110000000000000110000001100011110000011011000011111100001110110111110110111011000000000000000110000111100011000011100011111100100001100000000000000
INCO 317                         0071                          0000000010000010000000000010000100000000011000111001011110000110101110001100110000011110110011000110000000000000001100110001100000111101100001100000000100000111111101110000000111101100100110000000000000011000000011000011110011001111001100001101110111110000001100011111000111100110000011101001001010010100110011000000000
INCO 338                         0072                          0000000010000010000000000010000100000000011000111111111110001110101110001100110000011110110011100110000000000000001100110001100000111101100001100000000100000111111101110000000111101100100110000000000000011000000011000011110011001111001100001101110111110000001100011111000111110110000011101001101010010100110011000010000
INCO 337                         0073                          0000000010000010000000000010000100000000010000011001011110000110100110001000100000011100110011000110000000000000001100110001100000111101100001100000000100000111111100110000000111101100100110000000000000011000000011000011110011001111001100010101110111110000001100011111000111110110000011100011001010010100110011000000000
INCO 332                         0074                          0000000010000010000000000010000100000000001000001101010110000100000100001000100000001100100011000100000000000000001000010001000000110101100001100000000100000111111101110000000111101100100110000000000000011000000011000011110011001111001100001101110111110000011000011111000111110110000011101011001010010101110011000000000
INCO 328                         0075                          0000000010000010000000000000000100000000011000011101011110000110001110001100110000011110110011000110000000000000000100110001100000111001100001100000000000001111111111110000000111101100100110000000000000011000000011000011110011001111001100001111110111110000001100011111000111110110000111000010000010010101000000000000000
INCO 320/R15006/LMG 20010        0076                          0000000010000010000000000010000100000010011000011111011000001110110110001000110100011110110011100110000000000000001100010011100001111100000110000000000000000111111111110000000111111100100110000000000000011000000011000011111110001111001000001101110111110000011000001110000111100100000011100010000000000000000000000000000
STD3 1028                        0077                          0000000010000000000000000010000000000000011000101000010000000100000100001000100000110000100001000100000000001000001000010001000011110000000110001000000000000111010000110000000111111000000100000000000000011001000010110011000110001110000000000011100110100000000000001000000001100110000011100001100000001000000110000000000
INCO 297                         0078                          0001100001001000010000000100000000001000010000000100110010001010001001000000010001000010000101000000101000110000001011000101000001100000011001011000110110110000001100011001111011111011011100011101101100011000111110011000011011011000011011000001100001100110000011101110000001100010101011101100110001100000100000000000000
STD3-1247                        0079                          0011100000000000000000000100000100000011000000010100100000000110011000010000111001000011000011000000101111111010001111000110011110000000010000011000011010110000001000101001110000111011011100011001100000010100101110011000011000011101011010000001111000110001100111000101001101101111111011101100100011000000000000000000000
STD3-931                         0080                          0001100011111000110000001100000000000000010000001100110000110110000001011001100001000010001001000000001001010000000000000100000000000000010001110000010100100000001000101001010100110001011000010001100000010100100100010000110010010000010010000001100000111100000011000100000001100010001011101000100011000000000000000000000
VIB 839                          0081                          0100000010101000010010000101101100001000010001000111101000100010000000110110100001000000010000101010101100101100101010001010000000010100000100010000011001000101000011110001100011001000101110011101001110110000000001111000000000011110001000100001100001011000100000000011000001101110110011100000101001010100000000000000000
INCO 305                         0082                          0000000010110000010100000100100100001000000000010011101000010110110101010010100010101000010001000100101000010000001100010100000000011100110100010000110100000101000001111011100011110000101100011111000100000000011101001100001000001110101100000101101101101101000110100011000001100110110011101000101100110000000000000000000
INCO 257                         0083                          0100001110100000000010011111100010011000000000000110101100100010000001010000100001000001101000100000110010111000001111001010000000111110010011110000111111000111100011100110100001101100101000011100000000011000000110101111111000011110011101110001100001101010110010001110000011101111100011111000101000010000000000000000000
INCO 31/R15037                   0084                          0000000010100000010101000110000100001000000000000010001000101110100101110000000010100000111011110010011111111000001111010110000001110111111110010000111110000111100011100011110000101100110100011111000110000010000001001100001010001111101100011001101101101010100110100110110000011000111011101000100000011001000000001000000
INCO 35                          0085                          0000000010100000010101000110000100001000000000000010001000111110101111110000000010100000111011110010011111111000001111010110000001011111111110010000111110000111100011100011110000101100011100011111000101000010000001001000001010001110101100011001101101101010100110100011010000010001101011101000100000011001000000001000000
STD3-1008                        0086                          0010000000100001000000100010000000001001000000001000000000000000000010000010010001011000100000010000000011110000000000000110110000000000000100000000100000000001000011100011010011100000111110111100110011000001100000000010000000111000011000001001100001011000001001011001000010100110010011100100000000100000000000000000000
LMG 3897T                        0087                          0010000000101000000001000010000000001001100000001000000000000000000010000010010001001000100000010001100001100100000000000000000010000001000100100000100100000000100011100010110010110000111111011100011011000000100110000000000000111100011000001001111001010000010000010101000010000110100011000101100000010100011000000100010
LMG 14011                        0088                          0001000000011000101000010100000010000000010000000010101000100100010101000101000010100000001000000000000101000101000000001001011110011110000000101000011000011100100010100011000111000001010000000000000000000001000011000000110111000000101010111101100011100000001100101100010111000011100011001011100001100001100011000000000
NCIMB 2252T                      0089                          0000010100000000001010100011100000000001000000010101000100010100000001110000100001000000000000000000001100011011100001000000000110111100000111100011000000101110000000110000000111100111000011001100000011000000011100000101100111100111100000100000110110000000000000000000010100000111110011100110000000000001000000000000000
VIB 523                          0090                          1100000000000000000000110001100001111000000000011110000000011110011101100000000001000001000010010000001100110000000000000001011001011110000101100000100001100110000001100001100010100000010000111110000110000010000001000001000000100000010001100101000000000000000000001010000010000001000011100000000000000000000000000000000
VIB 816                          0091                          0000000000000000001000010001000000000000000010001101100000011000000000101100100000001100000000100000001100011000000010000000001101100000010101100000000111111000001100011000110011111111110001100011001111110111110001101100000011111100000001100101100000000000001101101000000011100000110011000010000001100000000000000000000
STD3-996/R15026/LMG 19990        0092                          0001000000000000001100011001000000010000000000001001100000001000110111111101111100001000010000011000001100010000000111100000001111100000001100011000000000011000010000111001110011110000000001100011000110000011110111110001000010000000000101110001100000000000011101101000000011010000110011100010000001100000000000000000000
FKFO 99/LMG 20008                0093                          0001000000000101010000001111011110001000100100101010110000001001000100000110100000100010010111000000011001000000010001011000001000010000010011111110101110100100011000000110001011000100001111000011000000001101101000111111001100010000011101010111000010000001101110000100010111100011100011100110000100000000100010000000000
KV 1                             0094                          0001000000000101110000001001011010001000100100100010110000011010000100000010100000100010000111010000111001100000010000001000001100011000010010011101101110010110000110000111001111000100001111000011000000001101101000111111001100000000011101001111000010000001101111000100010111100010100011101110000110000011110011001101000
VIB 442/LMG 10950                0095                          0001110100000010101000001000000000000010101001101001001111100010000000000000000011110000000010001000000011000000010001110000000110000110110010000000010010000000100000000100000110001100101001011011001000011001100010000011000011111110011011000001110001101100011000000010110000000111010111000000011000000000000000000000000
STD3-938/R15041                  0096                          0000000011000001110000010011010110111101000000100101001010001010000000000000011101100010110000000011011000010010011100011001110100000110000001001000010000000100001010000110000000101011101000110010100000100100000000110011001010110001010101000000010001101001001010110101010000010001000011001001111100000000000000000000000
VIB  382                         0097                          0000010000000000100100000111000000010001010100100001100000000000001000000000000000001001001010001110000110000000101111100100011100001101111001100000001100010000000100101100000100010010000000011000001100101000100000010110110000011110001000000010000001110000011000000110000000000111000010000000101000000000000001110000000
STD3-932                         0098                          0111001100000000011000000000000000111100011111100000000000001000000000010000000000000100000000110010101000000000000000001000001000010000101000100000010000000000110010000010000010100101000001000111100000100001000000000010100100011000100000001001001010101000100000110000000000000000111011000000000000000000000000000000000
LMG 7891T                        0099                          0011011010101000000011111000100000101000011000101000000010000000000100100000000000101001010010000000011000001000001011000000000000100000001111000000001100010010000011011000000000011000000000000000011000000011000000111110000001110000001100100010110000000000110110010110000011111011000011000010100010000000000000000000000
VIB 190                          0100                          0000010001001000000000010000001000110000100000010000000010010000000000100000000000010010011000000100011100000000100000110000001000000100010001000000000011001100000001101100000000001100110000000010000001101001100000011000001111011000011000110001111111000011100111101110101011001111011111100001011000001000001000000000000
FKFO 70                          0101                          0000001000001000000010010001100000001010000111000001000010000010000000100000000111000000000101000000001000001100110001100000000011011001000000100001101001000100100000001100011110010010100000000001111000110101000000110011011110001110110100011000111011010001011011101010100110010000010011100110000110000000000000000000000
LMG 11257                        0102                          0100001000000001101100100010000100011000000010101010100111001000000000110000000000110000010100000100001101000001000001101100000000011000000000000000010010000001100110000011111001000011000000000000110100010111100100000011111101100110101101110011001110110101111111001110010100110011110011100111001000001001000100110000000
INCO 200                         0103                          0000100000000001100110000000011000000100000011000100100001000010100101000010000010101000001001000101000010101001000001110000100100100001000010110001000000000001000101001001100010100011000000000100000100010001000000001000100010000111010000101101101011110101100000011010100010000010001011010000000000000000000000000000000
VIB 617                          0104                          0001010000000010000101100000100000000010100000000010001100000011000010000000011000000110110000000011100000101000010110000000110000000110011000010011010100000110101100000111100000101010111101000011011010000110000011011101000001111010100001010010000111000001101001010101010000001010001011001101000100000010000000000000000
LMG 11260                        0105                          0000100110000100001000000001000100000001001000001101110011000001001010000000110000010001001001000000100001011100111010000000011000001111110011000011001000001100011000001101100000001100101000000011011000110000000000111011110110000110010000000001101101111111111110000110001010101111100011110110110110010100001100110110000
LMG 3896T                        0106                          0011010010100000010100000011000001000000000001000001001001100010001000001010001000011011000000100000000001010010001000101000000100110000000111000010001000100000100100000111000000000011110001100000001000110000001011011111100011111110000000001101100000000111110011000000000000010100000011010000000000000000000000000000000
LMG 7897T                        0107                          0000000010100010010100110010000001010100000000001000010100101101100000000100000000000000000000100001000000100000000000110101000010000110001100100000000000001000110000000111100000000011100000001111110001100000000001110001110000011000000000001100001100110011001000000110000000011001011011000100100000000000000000000000000
VIB 346                          0108                          0001100100000010110010000010010000010000000100011110000001001000000110010000000000000100001100000000011111001101110000001100000000011100001101100000011000000000001110000011111000110011000000110001011000000110110000000011011111110000101100000001100110110101111110011100110000011001110011000110000000100001101100101100000
LMG 11216T                       0109                          0001000100000000110010000010000000010000000100001010000001001000000100001000000000000100000100000000011001001001100000001000000000011100001101000000010000000000000110000011111000110011000000100000011000000110110000000011001011110000111100001001100110110001111110010100110000111000110011000010000000000000000000000000000
LMG 11256                        0110                          0011011000000001110000011100000101010000010100101110000101001000001100010000000000001100000011000000111111111001100000000000000000011000001101100000001110011000000011000011111000110011000011110001111101010110000000000000011011110111101101001100000110110101111101101110110000111000110011110111000000110001001100101100000
ATCC 25921-remover               0111                          0011010000000001010000011100000101010000010100101100000101001000001100010000000000001000000001000000001101101001100000000000000000010000001001001000011100000000000100000011111000100010000001100000011001010110000000000000011001110110111100100001111011111101110110000011111111100101000001000000000000000000000000000000000
LMG 4414T                        0112                          0001000000110000001001110011000000001111100011110000010000000011000110001000110011011111111001100001111011011011011000000000111111000011111111000111001100000000000000011001101100000001100000000011000111011011000000000011011011000011011010000011000000000000001100001101001010011000000011100100000011000000000000000001000
LMG 19543T                       0113                          1111000000100000010001100001100000001100110001111111111001101000000011000000110000000010000110001100011101100001100110011110110000001110000011111100000011001101101100000110110000000000000111000110000011110110011000000000000011000001100000000011100001100000001100101110000000000000001101101100000001100000000000000000000
LMG 4412                         0114                          0000010001100011010001010001000000000000100001000000001000000010000000001000000000010000000010000000000010101000100000000000000100110011000101001110001100000000000000000001101100000000110000000001101100011011110110011000000011001111011010000011000000000110001100000101000111011000000011100110001101010000000000000001100
LMG 11653/R15022                 0115                          0001010000000000000001100001011010000000000001010000000001000010011001001000010000010000011010000000000000100110000000000000001100000010010001000110000110000001000000000000000000000000000000000000000000110110000110000000110000000011000000000000000000000110111100000001000110000000000011100110001100000011000001100001100
LMG 13240/R15019                 0116                          0001010011110000110100001000001001010001000000110000010100001111000000001101101000100101000100001000000100000001101001001010000111000011010001010100001001010000100000001001000001000001100011000100110010000111010011010010011011000000000000011001101110111011110101111000011010100000001011110001110001100011000001011000010
VIB 184                          0117                          0001010011010000111100001000001001010001000000110000010100001011000000001100101000100101000100001000000100000001100001001000000110000011010001010100001001010000100000001001100001000000100011000100110010000111010011011010000011000000001000010001101110111011100111110010011010100000101011100000100001100011000001000000000
VIB 186                          0118                          0001010111110000101100001000001001011001000000010000010100001011000000001100011000100011000100001000100100000001101101001000010110000001010001010100001001010000100000001001000001000000100001000110110011000111010011011010000011000000001000011001101110111111110111110000011000110000001011100000100001000000000000000000000
R 1586                           0119                          0000000000000000000000010000000000000000000000000000001100000000000000000110001101100000000000000000011000000011000000000000110000000000000110000110110100000010000000110110000000000000011000011001100000000000000000000011100000000000000000000111000000110011000000000011000000000000000110000000000000000011100001100000000
LMG 19158T                       0120                          0000001010000001101000000001000000001000001101101100000010000001101101001100110000000000001111111000000010110000100011100000001111000001111100000001101101111000001000000000001110000110111000011011100011011010000001100000000000000011100100000011000000110000000000111000000010110000011011000000110100000000000000000000000
VIB 582                          0121                          0000001010000001101000000011000000011000001101111100000010000000101101001100110000000000001111111000000010011000100011100000001101100001111110000000001111100000000000100000000100000110111000011011100010011010000001100000000000000001100000000011000000110000000000110000000011110000111011100000110110101010000000000010000
VIB 782                          0122                          0000001000010000101100000001000001001000001100100100000010000001100100000100100000001000000011010100000000010011100001010000001101000001111010000001101111110000001100110000000110000011111000011011100000101110110000101000000000000001011110010011000000000000001010110000000000110000000011000000000000000000000000000000000
INCO 240/R15013                  0123                          0000000000001000000111110110000000000000000000011000000011000000001100011001100000000000000000000110000000000111100011011000000000011111110100000110000011001100000110000000001100000001101100000001011000000000110000110000011011000000001110110000001100111011000000000001101001101111000000000110011000000000000001100011000
LMG 15976T                       0124                          0000000000011110100000000010000110000000000000000000100000000111111000000000011000000000000000111100000001110000011000000110000000000110000000011000110011000000011100000011010000000110000001100000110000000000000000000100110001100000000111111100110000111100000000000110000011000000000011000011000000000000000000000000000
VIB 774                          0125                          0000100000000001100000000110000111010001000000110101100010000000000000000000000100011011000000010111100110110000001101100110000000000000000011000000011000000011100000000000000111111000011000011110000000000000000000000000000011000011011110000000011010000111000000000011001010011000110011111010000000000000011001000000010
LMG 4233T                        0126                          0000010000000001110001100000100110000001100001000011101100000011000000011111000100111100000011011000000000000001000001111000000000000011001111000000000110000001111001110001101000000011111111001111111000011000000000000001100011000111000011000000000001100001100000000000010011000000100001111010000000000001100000000000000
LMG 11664T                       0127                          0000000000000000000100011100001001000000010100000000100000001010001000000000100000100100000001101000111000000100000000010000000000000100000000100100010011000110001000100011101111001001000110011011101101101000000000001111110000110100001101100000000000110011001100110000110001100110111011100011000110000000000000000000000
LMG 4416                         0128                          0000000000000000000100101110001001000000001100000000100000000110001000010000100001101100000001111000001100000110000000011000000000000110000000111000010011000110001100110011101101101111000110011011101111011000000000000111111000110110001101110000000110110011001100110000110011000110111011100011000110000011001111101000000
VIB 478                          0129                          0000000000000000000000001100111001000000010100000001000000000110001000000000100000100000000011101000011000000100000000010000000000000100000000111000010001000100000000100011001001000000000100010011001011100000000000001111110000110100001010100000000000100010001100100001000010000000110011100011000110000010000000000000000
LMG 14010T                       0130                          0000011000000001001010000100100100100000100010001000011011001100010001001010000000000000000001110111000000000001011000010000100001100111100000000000001001110101100000000010000001100010011100001111110111100000000000000110000001100000011010111101110000000010111000011000000000000110011100100000111101100010100100011010000
LMG 19540T                       0131                          0100000000000011010000000100010000000100000000100000000010001100000000000000000000000000000000001100000000000001111000011000011100000110000000000111000000110100000000001100000000000000110000000111011110000000001100000001100111100000110101000011110000000000001100011000000000000000000011011011100000100100001101100110000
LMG 17719T                       0132                          0000000000000000000000000010000000000000000000000110000000000000000011110000000000011000000000000000000000000000000000110000000011000110000000110100000000000000000001100000000001100000011000110000011000000000000000000000110110000000110110000000001100000001100000011000000000000000000011100000110010000000110010000110000
VIB 479                          0133                          0000110000000001001110000100000110000100000000000100100011100000001110000000000100001001001000000000001000000000010010000100000110000001000000100010000000001000000000000000000100000100001000000000000000000000000100000010001000001001101011001100101000000010000010000011000000001001000010111000101010000000000000000000000
LMG 11651T                       0134                          0000010000000001000110011100000010000100000000000100100010100000000110000000000100001001001000000000001000000000010011000100001110000001000000110010000000001100000000000000001101000110001100000000000000000000001100000011001100001101101011101100101100000011000011000011000000001101100001110000100100000000000000000000000
INCO 167/LMG 20011               0135                          0000000100000010000000001101000000010010000100000111000001000000000000010000000001100000110000011011000000110000001100110000000000000000110000110001100110110000111100110001100011000000001100001111000001111100110000000000011100110000000000011111111000001011001100011000000000000000000011011011000001100110000011011000000
STD3-1071                        0136                          0001000000000010001000100111000000001001000100000001100001001000000000010000000001111000110000000011001110110000001100110000000000001100000000000111011110110000000001100001100000000000001100001100000000000000110000000000001000000011000000011111111110000011011101100000000000000110000011110001100010101000000000000000000
STD3-1204/R15053                 0137                          0000000000000010000010001111000000000011000000000101000011000000000000111000000001100000110000000000000000110000000000110000000000000000000001100001000110000000001001100000000011000011001100001100000000000110110000011001000000000000000000011111111000000010011000000000000110000000000011000001100010101101000000000000000
R 3681                           0138                          1000010100000000111001101111110000111000110001110000000000110001100000111100011011110000011000000011000000000000000000011000000000000000000111000000000000000000000000000000000000000001110011000011010000000000001100000000001101111000000000000000000000000110000110000000000110000000100000000111000011000000000000110000001
VIB 535                          0139                          0000001100000000000000010001000100000000000000000100010000000100000000100000010010100000000010010010000000010000000000000000011001000000000000100010000010100101000000000011100001110000000110111111011011100111110101100000000000011000000101110111101100010000001100001100000111100000100011110000000110000000000000000000000
LMG 13545T                       0140                          0010000000011000000000010000100100000000000000001000111000000010010000100000000001000010000100000000000000010000000000000000010001000000000001000000000001110001001000000011011011010000100000111011000010100111000111100000000000011000000001011101100111100000001100000110001001110001100011110000000000000000000000000000000
VIB 534                          0141                          0000000000000000000000110001000000000000100000011100010000011001010000111000000011001010001000010010000000010000001100000000111101000001000000100001000000100111001000000010110011100000100110111111000110000011000111100011000000111000000001000101101100000000001111001010000111110000100111110110000110000000000000000000000
VIB 525                          0142                          0001000000100000000000010001000000000000010000001110001000000100111100100100010001100000000101000000000000010000100000000000110001000000000100100000000001100100001000000011010000010000100101111111010101000011000110000001000011111000010101100111111000000001001001100110000001100000100011110000000101000000000000000000000
VIB 527                          0143                          0001000000100000000000010001000000000000010000001000001000000100011100100100010010100000000101000000000000010000100000000000111001000000000100100000000001100100001000000011010001100000100111101010010101000011000110000001000011111000010101100101111000000001001101101010000011000000100011110000000101000000000000011000000
VIB 445                          0144                          1100101000001000000000100000000000000100000000000000001001101000000000000000010000000001000000000000000011000000000000000000000000011000000111000001100000000111000110011000000000000010011001000000000011000000001100011100000011000000000000001100000000000110110000000110101000000000000011110000001000000000001000000000000
FKFO 18                          0145                          1100100000010000000000000000000000110000000000000000100001111000000000000110000000000001100000000000000011000000000000000000000000011000000000000001100000000110001110000000000000000011011001001101100011000000010100011100000000000000000000001100000000011101100000000110000110000000000011110000010010000000001011000000000
LMG 3772T                        0146                          1110100100001000000000000000000000000000000000000000001010001001000000000000001000000000100000000000100010000000001000000000000000100000000110000001100000000100000110000000000000000011011000000000000111100000000000011100000110000000000000001100000000011000110000000110000000000000000011110000010010000000000000000000000
1P/LMG 20362                     0147                          0010111010000000000001001011010000011000000000000100010011000011000101100100000100101101000000000001011011000000000100100111000001001100010000001000010101000000001000000001000011100001101000000000000000000100000001100001001000000011100001101000000000000001000011010000000000000001000011001001001100000000000000000000000
2C                               0148                          0010110010000000000010010011000000011000000000000100000011001110000101100100000000101101000000000010011011000000000100100111000001001100010000001000000101000000001000000000000011100000101000000000000000000100000001100000001000000011100001100000000000000001000011010000000000000001000111000100100100000000000000000000000
10D                              0149                          0011111010000000000001001011010000011000000000000100000011000100100111100110000000101101000000000001011011000000000100100111000001001100010000001000000111000000001000000000000111100010101000000000000000000100000001100000001000000011010001100000000000000001000011010000000000001001100111000100111110000000000000000000000
5P                               0150                          1110110110000010000000001001010000001010000000000101001001000101000010010010000000100100000000000011010010100011000100100100100000000000000100000010001000000100001000000000001000100111100000000100000000000000001011100000001000010000000010110000000100000000001011000000000000001000000011000100000000000000000000000000000
VIB 381                          0151                          0000000000000000010000000001110000000010000000000000101000000000100000000100000011000000000000000000000000000000000011110000110000010000000001111000000011000000110001101100000000000111100000000000011101000000000110000001100011000000000000000011100000000000000011000000000000001100110011100000011001100000000000110000000
LMG 7894T                        0152                          0000000000000000000000000000100001100010000000000000000000011110000000000000000000000000000000000000000000000000011000110000011000010000000001111000000011000000110001101100000000000011100000000000001101000000000110000001100011000000000101110011100000000000000011000000000000001100000011100010011010000000110110111000000
LMG 11654/vib 383                0153                          0000100000000001110100000001110000000110000011000000001100000000001100000001100000000000000000000000000000000000011111100011001000000000000000111000000000000011110001101100000000000001100000000000011110001100000110000001100000001100000000011011100001100000000011000000000010001101100011100000110110000000000110000000000
VIB 387                          0154                          0000000000000000010011111000100000000010000000100100101000000001100000000100000001000000000000000000000000000000010010010000100000000000000001000000000010000001000001001000000000000001000000000000011100000000000100000001111110000011000000000111100110000000000011000000000000001101010011100001000001100000000100000000000
VIB 555/R15093                   0155                          0000000000000000000000000000100000000010000000000000000000001000000000000000000000000000000000011001000001000000010010000000100000001000000001010000000010000011100001000100000000000101111000000000001010000000000000000001100010000000000000000111001000000000000010000000000011011001010011010010000000000000010100000000000
VIB 554                          0156                          0000000000000000000000000000100000000010000000000000000000010000000000000000000000000000000000010001000001000000010010000000100000011000000101001000000010000011100001100100000000001001111011000000001010000000000000000001100011000000000000000111001100000000000011000000000011101001010011010010000000000000010100000000000
LMG 7910T                        0157                          0000000000000000000000000001100000000111000000000000000000001111100000011001100001100000000000000000000000000000000001100000000011100000010110000110000000000111100000000000000000000011000000000000000110001101100000000110000011000110000000011000000001100000000010011000000010100000000011000000000000000000000010000000000
LMG 11656/VIB 385                0158                          0000000000000100000000000000000100000111000000000000000000000111100010011001100111100000000110000000000000000000000000110000000011100000010000000000001100000110110000000000000110000011000000001100110110001101100000001100000011000110000001100000000000000000000110000000000001100001110011100000000011101000000110100000000
LMG 11757/vib 388                0159                          0000000100000000000000010001100000000111000000000000000000000111101100011001100110000000000000000000000000110000000000110010000011110000111000100000000000011110110000000000000000000011110000000000110110000001100000001100000000000111100000000000000000000000000110001000000011000110010011100010000001101000000011100000000
LMG 11655/vib 384                0160                          0000000000000000000000000001000100011111000000000000100000000111100010011001100000000000000000000000000000000000000000110000000011110000100000000000000000011110110000000000000000000011100001100000110110000001100000001110000011100000000000000000000000000000000110011100000001100000011011100010000001101000011011100000000
LMG 11758/VIB 389                0161                          0000000000000000100000000000000100000010000000000000000000000100100100001001000110000000000000000000000000010000000000000000000011100110110011001100000000010111100000000000000000000011000000000000110000000001100000001100000000000110000101000000000000000000000110000000000001100000010011100000110100101001100011100000000
VIB 667                          0162                          1101001000011010101000100011000000000000001000000100000001001000000001000001010000000101001001000001001101010011000000010110000000011100101001100000110001000001111110011011001000011011000110001110110000110101100000110110011110000000001000111110001111110111111000111100000100111011100011000001100001010001110000000000000
STD3-1259                        0163                          0100011000011010101100100100000000000000000100000100101001111000000001100000000000000001101000000011011011100001001000000010100000011000001100100000000101000011100110000001011100000011000001000011100011110111010000000000000110000010001000000000000111011011110001110100000100111011010011001000110000000001100000000000000
LMG 4043                         0164                          0011001000011011101101100011000000000000001000000000011010011010000001110000000000000111011000100111101100000001100000000011101100011111101001000000000111000001110011010000101100011011000011000011110000110101100000000110000110000011101000111100000011011000111000100110000100111011110011011011000000000001011100011000000
VIB 397                          0165                          0101001010001010101001100000010000010000001011000101100001011000000001111110100000001001011011100011010110010011001100000010000011011001101101100000000001100001101011001111011110000011100011001011110011110111100000000111101110100000001100111000000011110010110001100000100000111010100011000000110000000001000000000000000
LMG 11659/VIB 400                0166                          0101001000001010101001100000010000110000001101000000000011011000000011111111100000001011001011100010011111010011001100000010000010011001101101100000000001100001101110001111011110000011100011001011110011110111100000000111000110110000000000111000000011110011111000100110100110111110110011101100110000000001101100001101000
INCO 245                         0167                          0001001110011111010100100000000000100000011000001100000001011000000000000000000000000100001111100111111110001111000000011000000010011111111111100000000011000001111111011000000100010111001111000011110000110111100000000111110110000011111000011100000000101111111010111110000000111111110011100000100000000001101100001101111
VIB 618                          0168                          0001001100011010101101110000000000100000100100000000000001101100000001000000000000001100001000010011001111010001000000011110000010111011101101100000000001000110111110011100001100011011000011000011000010110111010000000110000111000110101000011000001100011000111100111010100000110011110011000000000000000001000000000000000
STD3-1201                        0169                          0011011000011111111111110011000001100000001111101100000011000010000001111000000000011110001110100011111111000111000001111110000011011000001111100000000111100001111001111011000000011111100000000011000000110110010110000111100110000000001100011000000010110001111100111110110000111110010011010000000000000000000000000000000
VIB 642                          0170                          0001001000001110101100100001000000001000000100000000000001001000001001110000000000000000001011100010011110010100000000000000000110011001101111100000000001100011100011011100110000111011100111000011110010110001110000000110000000000010111100011000000011000111111010111111000100111110000011000000000000000001001000000000000
VIB 788                          0171                          0001001000011010101100100010001000010001000111001100000000001100100011000000000000000011001000100001010101000101001100001000000110110000001101100000001001000001111110111000111000011011001111000011110001100111010000000111100110100000101100011000000010110111011011111110000100000110110011000000000000000001101000000000000
VIB 641/R14922                   0172                          0001001000001011001000100011000000001000001001000100000000001001001001010000000000000110001111000010011011110011110000000111110111111000101101100000000001000011110110011011111110110011100011000011111000000001100000001110000111110000111000111010001011011111111000111101010100101011110011000000000000000000101000000000100
VIB 396                          0173                          0001011000001110011001100110000000000000000101000000000000001000000001010000000001100100001001100010011100000011001100010110100001011011111111100000000001101101111110000000111000000011101111000011110000100111100011000111000110000000001100011000000000000111111000111000000110111110000011100000000000000000000000000000000
VIB 395                          0174                          0101001000001010101000100000000000001000000101100000000001011000001111000100000000000100001001100011001100000011000100111100111000011011111111110000000011001001111011000000001100011011001111001111110000110111100000001100000110000000011010111000000011011101111000110110000110111011110011100000110000000000000000000000000
VIB 622                          0175                          0101001000010010101000110100000000000000000101000000000001001000000001100100000000000000001011100010001000010001001000011100001010010000101000110000000001001011111110011000001100010111000111000010110011110111010001100111000110000001101000011001100011110010110000111100000000111110110011000000000001010000011000000000000
7C                               0176                          0001001000000000111000000000000000000000101000000000000000000011000001000000000000001100000010000010011110000001100000011001000100010000101000100000000011000101000010000000000000000011100110000011000000101101000001001100000000000000100000000000000010011001110000110000000100110000100011000000000000000000000000000000000
4C                               0177                          0001001000000000111000000000000000000000101000000000000000000010000001010000000000001100000010000010010100000001100000011001000100010000101000100000000011000101000010000000000000000011100110000010000000100101000001001100000000000000100000000000000010011000111000110000000100110000100011000000000000000000000000000000000
1C/LMG 20370                     0178                          0001000000000000111000000000000000000000101000000000000000000011000001000000000000000100000000000010011100000001100000011000100010010001101000100000000011000101000110000000000000000011100110000010000000110101100001001110000000000000100000000000000010011000001000110000000000110000100011000000000000000000000000000000000
VIB 661                          0179                          1110000000010011000000100001000100000100101000000001000011011001000001010001000000001000100000011110000010000000000001000000000000100001101000100100001000010001100000111111001001111110000001000111100000000111100011010001100011000010011011000001111110000111111100111011000000011000110011010000001100001001101100000000000
VIB 628                          0180                          1010010000001001000100010000000100010100100000000001100011001001000001100000000010000011010000001010000010000000000001000110000101000010011000000100000000010110000000110111101100110111000001000110011000000111100011000011110111010011011000110001111011000100111110111011000000011100010011010000011000000001001100000000000
HPE-8-1/R14928                   0181                          0011011000100010101000100000100100000000101100001000100001011011001100000000000000101100001001100111111101010001000000110000001000011001101000100000000001000001110011000011101111110011000000001111110000110111110001000011101111001100111111011111100111110001111111111110000010000011110011000000000000000000000000000000000
VIB 477                          0182                          1000000000000000100110100001100000011100001000000001000011001001000000000011000010000000000000001111110110000000000001000110000000101000011000100000000000010000000100110111001001111110000001000110000100010110000010001001100011011010111011110001100100000000111000111101010000011100100111110000010100010000000000000000000
VIB 655                          0183                          1000010000000000100110100111110001010000100000000001000011001000000001100011000110000000000000000111100110000000000001100110000000100001111000000100000000010000000000111111101000111110000001100111000000011110000010001101100011011111111011110001100110000100111000111100110000011100110011010000000000000000000000000000000
VIB 391                          0184                          1000010010001011000000100001000000011100111000000010000011001000000001000011000010000000100000000111000110001000000001000000001101000000001000000100000000101000011110101111101100111101110001000110000000100001100010000001100011000011011011000001100000000000001000111100000000011000000011000000000000000000000000000000000
VIB 656                          0185                          1101111000001000100000100000000000011000101000000010010011001000000001100100100010000010000011001100000100000000000001000110011000100000011110000000000000000000000010111111001100111111001111000111000110100101100011000001101111000010011011000101100110000110100000111100110000011000110111010000110000000000000000000000000
VIB 580                          0186                          1000110000010001000000100000000000010100001000101001000011110000000001000100000000010010101001001000000111100000000101000000001100000000001000000000000000011000101110101110001000101110001001100110000111000101010010000010010100000010011001111001010101000000110000111100000000011011110011000000100000000000000000000000000
VIB 585                          0187                          1000110000001001100000100000000000010100001000011001000011100000000001000100000000011001111011001000000111110000000101100010001100000000001000000000000000011100101110111110011001111111001101110110000111100101101011000011011110000011011100110001110011100000111000111100000000010111110011010010011000100010001100010000000
RFT 51                           0188                          1000000000000011000000010000000011110000001100000010000011001000000011100011000110000000000000000001000110000000000001100110000001000000011000011000000000011110000000001111101101111111000001100111011110100110000011001101110011011111111001110001110000000110011000111101010000011100110111110011100110000001101100000000000
RFT 41                           0189                          1000010000000011000000100000000001010000001000000010000011001000000011100011000010000000000000000001000110010000000001000110000001000000011000011000000000010110000000001111101001111111000001100111011110101111000011001101110011001111111011110001100000000110011000111101010000011100110111110011100110000001001100000000000
RFT 61                           0190                          1000000000000011000000100000000001010000001000000010000011101000000001110011000110000010000000000001100010010000000001100110000000000000011000011000000000011110000000001111101001111111000001100110011110100110000011001101000011011010111011110001100000000110011000111101010000011100110011010011000110010100011100000000000
RFT 33                           0191                          1000000100000111000000100000000001010000001000000001000011001000000001100011000010000010000000001001001100010000000001000010000000000000011000011000000000010100000000001111101000111110000001000110011110010111010010001101110011001011111011110001100000000110011000111101010000011100100111111011100110100001100000000000000
RFT 16/R14939                    0192                          1000000000000011000000100000000001010000001001000001000011001000000001100011000010000010000000001001000010011000000001100110000001000000011000011000000000010110000000001111001001111111000001000110011110100111000010001101110011001010111011110001100000000110111000111101010000011100100111111011100110001101011100000000000
R 3666                           0193                          0000000000001001001000000000000011101100000000010100100111010000000000100001000110000000000000001101000111100000000000000000001000000110011001000011110111100110000000000001101100000111001110000000111000010111000000000000110111011110000000000001111111110011100110011100100011000110110011000000011100101000001101100001100
R 3706                           0194                          0000000000000111000000000000000000000100000000000100111100001000000000100011000010000000000000000101100111100000000000000000001100000010011000000011110111000110000000000001101100000100001100000000011000001111000000000000110101011110000000000001101111110110000110011100000011000110110011000001010000101000001101100001100
LMG 11217/vib 373                0195                          0010010000100001001101001100000001100000000000000100100011010100000000100000000100001000000100000001000011010000000001000000101000000010011011000000110100000010011000100010110110000010000110000000100000000010000000000011011011010110000000000001101111100111000111011000101001100000110011100000010001101000001101000000000
LMG 11218/R14941                 0196                          0000000000001001100000001000000100100001100000010100101110010000100000100010000000000000000100000001000011000000000000000000101000000100011111000000000111010000010000100000100000000101111100000000100000010110000000110011011010010100001100000001101110110111000001001010100011001110100111000000011001100000001001000000000
VIB 584                          0197                          0000000000001001100000000000000101110001100000010100100110010100100000100010000000000000000100000001000011000000000000000001101001000010011011000000000111010000010000100000101000000011111100000000111000010010000000110000011010010100001100000001111111110110000001011000100011000100100011000000010000100000001001000000000
VIB 145                          0198                          0001001010001000100000000000010010100001010000001000101000000000000001000010101000000000010001000101000010000000000001000100000000100000000000001010000011000010001000001111101100000111000000001000011001101000000000000000101101111001100010101101101101100111000111001100010011100011000011100000000000000011001100000000000
LMG 7909T                        0199                          0000000010000000100000000000100010111001101000011001100100000000000001100000110000000000000001101101100011000000000000000110000000110000000000000001100011000011001100001100001100000001100000000000111011010111000000000000001101111001100001101101101101100111000110001100011011010111000011110001100111000000001100101001100
VIB 144                          0200                          0001000010001010100000001010010010100001000000001000000000000000000011000010110000000000010001011001000001000000001101000111110000110000000110001101100011101111001100000110001100010111101100000000011001101110000000000000011101111001100010101101101101000110000110001100011011001000000011000000000110000100001100000000000
VIB 142                          0201                          0101000100001000100000001001010000100001000000001000100000000000000011000010110000000000010001000101000111000000000000010100000001110000000000001101100011000011011100001110111100000111001100000000011011101110000000000000001100011001000010101101101101001111000110001100011011000110000011000000000110000000001100000000000
VIB 646                          0202                          0100000110011010000000010110000000001000100001001110000100000000011010000001101110000000100011001111000011110001000000011011110010000000110010000000011011100001110011110000011100011011000000000110001110000111000000000000011001101100011100000000110110000000011110110100110000010110010111000001011000000000000000100000000
VIB 665                          0203                          0000001100000010011000010000000001111001100000010111000001000000001010001101111010001000100010000111100101000001000010000111110011000000000111000000011011100111110011110000010000000011000111000110010000000111000000000000011011100000011100000000110000001000111010100100110001111011111111000000011100100000000000000000000
VIB 644                          0204                          0000000110000011000000010100000000011001000000000110101001000000001010000001101000001110100010001111100011010001000001011111110000100000000101011000111101100001100011010001011100011011000000011000001111000111000000110100011111001100101100010110110010111111111000000110110001011111111111101100011000100001000000000000000
VIB 811                          0205                          0000000100000011101000110100000000001001000000000010100100000000001111000001101000001110100011111111000001000001000000000011010011000110000110000000011101100001100010110000011100011011000000000110110110000111000000000110011011100000011100010000110000000101111100000110000000011010110011000000011000000010000001000000000
VIB 23                           0206                          0100000110001010010000010000000000001011000000001010100000000000001010000001101000000000110010001111000001000001000000000011110101101100011000111100011101100001100011110001111100011011001100000111110111100111100000110010011001101100101100011010110000000000011100001110000000011010111111001000011000000000000000000000000
VIB 22                           0207                          0100000110001010010000010000000000001011000000010010000000000000001010000001101000000000110010001111000001000001000000000011110101001000001101101000011011000001100011110000011000010010001000001010100110000101000000110000011001101000101100001010100000000000111100001110000000011010110011001100011001110000011001100000000
VIB 568                          0208                          0100000100001010000000010000010000001000100000001010000000000000001010000000101000000000110001001111000011000001000000000011110101000000011000110000011101100001100011110000001000011011000000000111110110000110000000110011011001101100111100001010110000000000011100000110000000011010010011000000011000100010000001100000000
LMG 11226                        0209                          0000011100010010100000110000000100010001100000001011000000000000001111001110111000000000100011001111100011000011000000011111111111100000000110000000011101100001100011111000011100011011000000000111110000000111100000110000000001101100101110110011110000000000111110000100110000011011010011101100011000100110000100111000000
LMG 4044T                        0210                          0000000110010010010000010100000000011001000000010010000000010000001111000001110000001101100011000011000011000001100000011111110111101000000110000000011101100001100010111001111100011011000000000011110111100111100000110000000011001111011110110110110000000000111000000110000000011011010011000110011001010001001000100000000
LMG 7890                         0211                          0100000110010010110000010000100001011001000000010010000001100000111110000001111011001100100011001111100111000001101000111111111111101000000111101100011100100001100011111001011100011011011000000011110111100111010000110000010011101100011110110000110000001100111000100100110100011011110011011111011000000011011101100001100
LMG 19643T                       0212                          0000111010001110100000110010100100011011000100001010001101000000000000000000101001001100100010000111000011000001100001000111010001100000010110100001101101100001111011110000110100010010001100100011011001000111000000001110000000001111101100110000110000001100011011000110000000011010110011110010011000100101001000100000010
LMG 19714                        0213                          0000011110010010100000110100100100011001000100001010001101000000000000000001110001001100000010000111000011001001000001000111110001100000010111100001101101100001111011110000100110011011001100110011011001000111000000001110001010001111111111110000110000001100011011000110000000011011010011110000011100100101001000100000011
STD3-946                         0214                          0000000011110011100100000001111000011000000000101110000101001000000000010010000010000000110001000100001000000011010000000100000000000001000000000001010001000010111111010000100000000010000000100010010000011001000000100001001011010010111100000010101100100011111001110100110000111011100011000011000000000000000001100000000
8P                               0215                          0100000000010001001000000100100101010010000000101110000101000000000000111010000000000000000001011000010101000001110000100000000000000001000000000001010110000000010111010011000000100010000000000000011000010101000001000000110111001010101000100010101000110011101000110100000000110001100011000000000000000000000100000000000
VIB 629                          0216                          0010010000000001101000001000010000110000000100001010001101001100000000010001000010000000000001000000011111000001111000000010000010000001001000001111001010000110110111111001111011110011000001100110011000100111100000000111001111111110101101000010001110110111111000010100000000111110010011000000100000000000000000000000000
VIB 819                          0217                          0000100000011011100000000100000100001000001000001010100101000000000000010000000110000000000100000000001100000011100110000011000000000001100000001101011001100000110111100001101000111011000000000111011000100111100000000000001111111100111100100000001100010111111101101110110110110110110011100001100000000000000000000000000
VIB 822/R14901                   0218                          0000010000000001111001000100010100011000000100011110000000001000000000010000011110000000011000100000111100000001110000000111000011001101100000001111010010000001110111111001100000110011000000000011011001100111100000000000111111111011100101000000010110001101111101000000000000111000100011000000000000000000000000000000000
VIB 214                          0219                          0000000011000001100101101110000000001000000000111100000111000000000001110001000001000110000000001100011011001110110000000110000000000001100110001000011110000011110111000011100000110011000000000000001111110111100101100000111111101110011100000000000000010001110010110100000000111011000011000000000000000000000000000000000
VIB 403                          0220                          0000000000001010001000101100000100001000000000111110110011000010000001010001100000000000000001100000011100001111110000000000000000000001101000011000011000000111100001100001111000110011000000000000111011011111010000000000011111000110110101000000000000010000000000111000000000010001000011000000000000000000000000000000000
VIB 394/R14905                   0221                          0000000000001001101000011010000100011000000001111010000100000000010000110001000000000000000000100001111111000111111001000000001100011001000000001100011110000001101110000001011000111011000000100011011000110111100000000110011011100000111100000000000100000011110000110100000000110000000011000000000000000000000000000000000
VIB 404                          0222                          0000000000010010101000010111000100011000000000111110110111000011110001010001100000000000000001111011111111000011110000000000000000011001100000001101111000000110110111111101111000110011000000011000011111100111100110000000011111100010111101000001001100001101111100000000100010011001000011000000000000000000000000000000000
VIB 406                          0223                          0000000000001010101000010010000100010000000000011010000111000011110000110001100000000000000001111011111111000000110000000000000000011001100000001111010000000110110111111101111000110011000000011000011111000111100110000000011111100010111101000000001000011001011100000000100000011010000011000000000000000000000000000000000
VIB 10/LMG 10870                 0224                          0001100000100100000000000110110000000100010000000000000000000000011000000001000100011110111100111110110000000110110100000110000011000110000001101100000110000011000000000011000000001100000001101100001000110000000000000110000000011111001111101110000111011011101100111000000011000010011011000000001110000000000000000000000
VIB 7/LMG 10867                  0225                          0001010000000100010000000011100000100100111000000000010010000100001000000001100100011010001100011000010100000010010000011100000010000110000000001100000110000011000000000011000000000000000001111011001100110000000000011111011011011011001110001111100111011010111100111000000011000000011011000000001100000000000000000000000
VIB 9/LMG 10869                  0226                          0001100000000100000000000110010000100100010000000000000000000100001100000001000000001000100000001010100001000100010010000110000010001010001000011000000010000010000000000010000000100011000000001001001100100000000000000110000000000010011010001100000010011000001100110000000000000000011010000000000100000000000000000000000
LMG 10861                        0227                          1001001000000100000000001011000000010100000000000000000000000000001000000000100000001000100100101010100000000010010100000100010010000010000000001100000110000001001100011101000000000000100011001110000011110000000000000111101100011111000110001111101110011010001100111000000011000000011011101100001110001010011100000011010
VIB 18                           0228                          1001001000000100000000000101100000010100010000000000000000000000001000001000101000101000110110001010100000000010110010000100010010001010000000001000000110000001101101001011000000000001100000001110000011110001000000000011011000011110001110001101100111011000001100111000000011000000011011101100001110001010000000000100000
LMG 4411                         0229                          0001000100000100001000001010100000100100001000000011000000000000011000000001000000001000100000010010100000100010010000010000000010000010000000001000000010000010000000000010100000000000010001001000000100100001100000000010011000011110001101011100001110011010001100111110000011000001110011111100001110000000111100000011000
VIB 6/LMG 10866                  0230                          0001000000010100010010001011010000010100000100001000000000000110001110000001000000111110110100111111110000001110010000000000000010000110110010000000000111000011000110000111000001100001100011000000000000011000000000000110000000000111000110000001100110001000001000110000000000000000100011000000000110000000000000000000000
LMG 4437T                        0231                          0001000000100100010000001010101100000101111100001000000000100000001110000001100000011000000110011110000000000101010000000011000011000011000000000000000110000000000000000011000001100001100011000110000000110000000000000110001000000011000110000000000111000001100000110000000000000000011011010000000110000000011000000000000
VIB 715/R-15098                  0232                          0001100000000011000000000010010000000010001000000000000001100000000110000000110000011111110000110110000011000011100110000000000011000110011011000000000110011011000000000011011110110000000011001100000011110001100000011111000000000110000111011110000011011100111100011000010111001100011011000000000100000000000000000000000
VIB 172/R15099                   0233                          0011100000000111000000000010110000000110001000000000000001100000000110000011110001111111110000110110000011000011101110000000000011000011001111000000000000011011000000000011011110110000000011001100000011110001100000011111000000000110000111011110000010011101111100011000000111001100011011000000000110000000000000000000000
VIB 453/LMG 10951                0234                          0000000000000111000000000010000000000110001000000000000001000000000110000011110000011111110000110110000011000011011110000000000011000011011011000000000000110110000000000011110110110000000011001100000011110001100000011111000000000110000111011110000010011101111100011000010111001100011011110000000110000000110000000001000
VIB 733/R-15101                  0235                          1000100000000101000000000110110000000110011000000000000001100000000110000000110000011111110000110110000011000011011110000000000011000011001111000000000000011011000000000011011110110000000011001100000011110001100000011111000000000110001011011110000011011100111100011000001111001100011011110000000110000001010000000000000
VIB 738/R-15103                  0236                          0000100000000101000000000010010000000010001000000000000001000000000010000000100000001111100000110110000011000001100110000000000011000110001011000000000000011011000000000011011110110000000011001100000011110001100000011111000000000110000110001110000000011100011100001000000111001100011011000000000110000000010000000000000
VIB 735/R-15104                  0237                          0000100000000101000000000100010000000010001000000000000001000000000110000000100000111111100000110110000011000010011110000000000011000110011011000000000000011011000000000011011110110000000011001100000011110001100000011111000000000110000111011110000011011101111100011000000111001100110011110000001110000000011110000011100
VIB 741/R-15105                  0238                          0001100000000101000000000100010000000010001000000000000111000000001100000000100011111111100000100110000011000010011110000000000011000110011011000000000011011011000000000011011111110010000011001100000011110001100000011111000000000110000111010110000010011111111100011000010111001100011011110000001110000000011110000011100
VIB 737/R-15106                  0239                          0000100000000101000000000010000000000010001000000000000001000000000100000000100000001001100000100010000010000010100100000000000011000010011011000000000000011011000000000011011110110000000011001100000110110001100000010110000000000110000111010110000011011101111100011000000111001100011011110000001110000000011110000011100
VIB 714/R-15107                  0240                          1000101000000101000000000010010000000110101000000000000000100000011100000000100000001001100000100010000011000110010100010000000011000011001111000000000000011011000000000011110110110000000011001100000011110001100000011111000000000110010111010110000011011101111100011000000111001100011011110000001110000000110000000000000
LMG 13544T                       0241                          0000100000000101000000000010000000000010001000000000000001000000000100000001100000001001100000010010000001000010000100000000000010000010000011000000000000011010000000000011010110010000000011001100000010110001100000010110000000000110000111011110000011011100011100011000000111001100011011110000000110000000000000000000000
STD3-934                         0242                          0001000010000100010010000000100110000000000100001011110000000000001001000000000000000110000000000001100011111100111101110100110001110111110000000001110000000000000001110000011101100000000011011001100001100001111100000000111111011000001100001100000110011101100000111110000000111011000011001100110010001001100000000000000
VIB 356                          0243                          0001000000000000000000000000011110000000000110110011110000000000000000000000001100011111100000011001100011111100011000101100110001111111110000000111100000000000000011110000000111000011000001011001100001100000011111000011110111001111001100000111000001100100000000110000000000111011000011001100110110000000011000111001100
LMG 4406T                        0244                          0011001010000001010000000000000110001000000000100111100000101000100110000110000000000011000000011000000011001100000001110000110011111111100011000101110011011000001100010000001101100011000011011001100000000001111000001100000111011100001100001100110110000111000110000000010100110011000011001100100110000000110000110001101
STD3-988                         0245                          0001010000000000000110000000000010001000000010100001110000000000000000000000000100000010010000010000000001011000010000000000101001100010100000000101000000000001000001010110000001000010001101010001000001100000011000000000111111001100000000001100000011011111100000110000000000110011000111011100111010000011100100100000000
VIB 440                          0246                          0000100010000010111010100000000000010100000000000000000000000110100000111100000011000110100000000000000001101100000001101101110111110110010000000111100001100000001110000001111110011011100011000000011001100000000000000000001100110011001100101111101100000111110000000000000001110000010011101000000000101000000000000000000
LMG 7896T                        0247                          0000100000010010010110100000000001000000100000000000000000000110100000000000000011011110000100000000000001101100000001100000110001101110000110000111101111000001101110000000011110011011110001100000011001110111001100000000111111000011001100110111100011000111000000000000000111010000000011011100000000010100110000011000110
LMG 16874/vib 803                0248                          0001110000000000000000000001100011100111000000000111101000000000010001101100000000000011110011100110100111111000011000000000000011001101101100001101000000000001111000000011111111000011000000111000111100000011000111011011011011111000011001101101111000000111011000000110000111011011000011100110001111000000111100110000011
LMG 11670                        0249                          0000010000000000000000010001100011000100000000000000100000001000110100011000000000010011100001100010010011101110000100000011000011001111001100001000110000011001101100000110110001011111000000111000110000000011000110011011001011111110110001101101100000110001011011000010001011011111000011000110010111000001101010000011000
VIB 462                          0250                          1000010000000000000010010011100010100000000000000001100000000000110000011100001001111011110001100111100111101000000000000011100011111111111000110000110000000011100000000011110000000011000000111000110000000111000110001111011011101000110000101100000000110001011000000110000110000000000011000000000000000000000000000000000
STD3-948                         0251                          0000010000000000000000000001100011100000001000000000000000000000100001111111100000010011110001100111000111011000000000000001101100111110011000100001110000000001100000000001100000000011000000111000110000000011000110011000011011100000110000011101100000011101011000001100000110011010000011000100001100000010011000000000000
ATCC 17803                       0252                          0000010000000000000100010111100011000010000000010110000000000000010000001100000000011011100000110111110011111000100000000000000010011111000000001100110000000011110000000001100000110011111000110000110000000110000110010001011011100000100000001101110011100101011000111100000110010000000011000100001000000000000000000000000
LMG 2850T                        0253                          0000010000000000000000010101100011000010000000010100100000000000100000001100000000010011100000110111010011111000100000000000000010001111000000001100110000000001011000000001110000110111111000110000110000000111000111010001010011101000100001001101111010010101011000011110001010011000000011100110001010000001100100000000000
LMG 19642T                       0254                          0001100000000110010001000000010101000100000000010010100000000111100101000000000011111100000001101111000011111000000000011000001101100000000111100001100100000001101100001111110110110111100000000110000110000001100000001100000011001111011000101100110101101000110000011010101011001011000111111000010000000010001111001101100
LMG 20549/CIP 105229             0255                          0011100000010010010001000000010001000100000000010010100000000110110010000000000111101100000001101111000011111000000001111000001101100000000111100001100100000001101100001111110110110111100000000110000110000001100000001101100011001111011001101101110101100100110000011010101011001011000011111000010000000010001110001101100
LMG 20550/A601                   0256                          0001100000010110010001000000010011000100000000010111100000000111100111000000000111101110000001101111000011111000000001111000001101100000000110110001101100000001101100001111110110110111100000000110000110000001100000001101000011001111011001101100110101100100110000011010101011001011001011111000010000000011001110001101000
LMG 20551/A700                   0257                          0001100000000010010001000000011001000100000000010010100000000110110101000010000011111100000001101111000011011000000001111000001101100000000111100001101100000001101100001111110110110111100000000110000110000001100000001101100011001111011001101100111001110110110000011010101011000111000011111000110000000010001111001100000
VIB 415                          0258                          0001100000000010100101000000010101000100000000010100100000000110101111000110000111101100000001101111000011111000000001111000001101100001001110110001101000000001101101001111110011110111100000000110000110000001000000001101000011000111011101001011101001110100110000011010101011001010001011010000000000000000000000000000000
VIB 374                          0259                          0000000100000000000000000000000001000010100000110101000110000000000110110101001100000000000000001100000001110000000001100000001100000000000000111111110010000000100000100000000011010010000111000000001000100110000110110000000000111001100001001001111001100111100001111100000111100011010011111010110011101011000000000000000
LMG 3895T                        0260                          0000000000000000000100000000000011100000000000110111000000000000000111011011011000000000000000110000000000110000000000000000000001100000110001101111100110001000110000110000001111111110000111100000101100000110000110110000000011111001100110001001111101100101100000111000000111001111100011111000111001101010000010110110000
STD3 9                           0261                          0000100000000000001000101001000000000000100010000001000000000000000010011001001100000001100001100100000000110000000000000110011101100000000000001111110011000000000000000000000001111011100110000000000000000110000110110000011000011001100000001001111101111001100001101100000110010011010011110001011011000000011000000000000
VIB 514                          0262                          0000100000000000001000101000100000000000110011010001000000000000000010011011011100000000110001101100000000110000000000000000011101100000000000011111011011000000000000000000000001111011000110000000000000000110000110110000011001111001100000001001111101111001100001101100000110011011010011011001010011001100011101000110110
VIB 828                          0263                          0000000010000000100000110001110100101101100000000010100000000000000100101010111000100000001000111010011001001110110000000000011000011100110000000101101111100000110000001110000111111100001110111000000110000001111100110111110011100111111111111111011100000011011100111010000110110101100011001101000000100000100101000001000
VIB 840                          0264                          0000000010000001100011110011110011111011000000000111100000000000001101111110111001100001011001011000110011011101110000000000110000111001100000000010111111000000110000001110001111111000011101110000001100000111111001101111100011100011111001111100001100000101001010101010000110110101100011101111000000101000101111100001000
VIB 848                          0265                          0000000010000000100000110001110000101001000000000010100000000000000100101010101000100000101000111010010001011100110000000000010000011000110000000011101111000000010000000110000111111000001100110000000110000011111100110111100001101001111100111011001100000001111110111010100110111101110011101111000010101000000011100000000
VIB 836/R14844/LMG 20012         0266                          0000000010000000100000110001110000101001000000000010100000000000000100101010101000100000101000111001010001011100110000000000010000011000100000000011101101000000010000000110000111111000001100110000000110000011111000110111100001101101111100111011001100000001111110111010100110111111100011101111000010101000001101100001000
VIB 842                          0267                          0000000010000000100000110001110000101001000000000010100000000000000100101010101000100000101000101000010001011100010000000000010000011000100000000101101101000000010000000100000111111000001100110000000100000011011000100111100001100001111100111011001100000011101110111010100110111111100011101111000000101000000011000000000
VIB 846                          0268                          0000000110000000100000110001110000101001000000000010100000000000000100101010101000100000001000101000010001011100100000000000010000011000100000000011101101000000010000000100000111111000001100110000000100000011011000100111100001101001111100111011001100000011101110111010100110111101110011101111000010101000101111000000000
ATCC 33784                       0269                          1110000000100000100110111001000000000111000001000001111110001010000000111000000110000000010011010010010010001101100011100000001010010001010110100000000110000100001111000100010011000010010100110001110100001101000100000001011100100100001000100110101011000000100011000111010110000101100011000000000010000000000000000000000
STD3-1036                        0270                          0000000001100000000010111000000000000010000000000101000110001010010000111000000111000000010011000010010000001101100011100001001100010011010110100001001110000100001101000110011010000010000100000001100000000101000100000001011100000100001000101110100011000001100011101111010110000111100011100000010000000000000000000000000
STD3-1085                        0271                          0000000000100000100000010001000000000111000001000001111110001110000001101100000111000011011111100011010110000111100000000001000000011011010110110000001100000000000000110001110010000011100100000001111011000101000010000011011110100100001000111110110000000000100011011001000110000110000011000000011001000000001000000000000
INCO 191/R15011/LMG 20539        0272                          0100000000110000100000010000000010000111000001000101100111001010010000110000001111000111010111110011010110011111100011100001111111111111010111110000001111000110001001000111111110000011000110000001100100000111110111011001011110111100001101110110111111000011111011110111000110000101110011100001010000000000000000000000000
INCO 192                         0273                          0100000000110000100000010000000010000010000001001101100111001010010000010000001111001111010011010010010010001101100011100011000111011111010111110000001111000110001101000100111111000011000110000001100000000101110111011001001110111100001101110110011111000011111011110111000111000111110011100001000000000000000000000000000
VIB 218                          0274                          0000010000001100100110000000000001001000100100100111101011100100011100110000011000001111000000011001100000000110011011111111001101100011100011000000000000011011101011010110110011110001000000000100000000000000111000110001100111000100001000111001100000000011000010111110010100110000000011100110000000000011100000000000000
STD3-1057/R15015/LMG 19999       0275                          0000010010000000000110000000000001001000100100100101101010000101001100110000001010000111001000000001100000000110001111111111001101100011100011000000000000011111010111011110110011100000000000000000000000000101110000100001111111000100000000111001100000000000000011011110010100101010110011000100000000000001000100000000000
VIB 847                          0276                          0000010010000001000110000000000001001000100100100101101010000101011100100000001000000101000010000000100000000100001001101000001000100011000001000000000000011010000000010100000001000000000001000000000000000110110000110001100100010111000000011001100000000011000011011110010100110011100011000110000000000001110001000000000
VIB 841                          0277                          0000010001000010000000010010000000000001111010100110000110001100110000001100001111100000010000000011000000110000110000000010000000110111110000100011001100000000110110010011100010000111111000000011110000000000010111010001100111110000010001101100111000000001101000000011000000011010010011000001111100000000000000000000000
LMG 2225                         0278                          1100000001000000000000010000000000110001100001100110001100000110010000110100001101100000010000000001100110110000110000000001000000110111001000110001000000000000011110011011100010000111111100000011110110000000011110000001100111011000011000111110011000000001101111000010100011011000011011100011000001010000110000000000000
VIB 834                          0279                          0000000001000000000000010010010000011010101010100010000110000100010000001000000101010000010000001110000000011001111000011010000000110011110000110011000000000011110110000010100110000111111000000111100000000110011100110000110111010000011011101100011000000000001010000111000000011000010011100000110100000001000000000000000
LMG 10935T                       0280                          0000001100000000000000010010000000000000101010100110011110000010010000011100001101110000010000000111000000110001111000110010000000111011101000000011000000000000010110011011000010000011011100000110100000110110010111100001000011111000010001111100011000000000001111000000000011011000010011100000110111000000000000000000000
VIB 240                          0281                          0000000111110000000000110000000000010010000010100010011111000100010000001000000101000000000000000101000000010000110000010000000010100011000000100001000000000010010100000011000100000010000011000011000000000100010100100000100110010000110001000000010000000000001000000111000000010000010011000001100000000000000000000000000
STD3-799                         0282                          0001000000010000000000100010001000000100000010000010011000000101000001000110100001110100010000000011000000000000100111010100000001001111000010100100100001100010000011000000000110110100110010001100000000000111000000110010010100100100000100001101100011000100011000000000000011100111111011000000000000000000100000000000000
STD3-827                         0283                          0001000000010000010000100010001000000100000100000010011000000101000001000110100001111100010000000011000000000000100110010100000001001011100010100100100001100010000010000000000100110100110010001000000000000111100000111010010100101110000110001101100011000110111000000000000011100111011011000000000000000000000000000000000
7P                               0284                          0100000001101000000000100010000010000000001000100000001000001001000010000001000011010110010000011010000000000000100000110000101000000010000000110010000001100000010010000000000110100100110000000000010000000111000000110011100100000110000100001101110000000000111000001000000000000000010011010000000000000000000000000000000
HE 799                           0285                          0001000000110000010000100101000010000110001000000000001000001101000111110000000000111110010000000000110000000000000011001100000001111111100000011111100001110110000000000000000110110110111110001100000000000011100000111010110100101111000101001101110111000110011100000100000011001110010011100011011000010100110011000011000
LMG 19805T                       0286                          0001000001010000110000101010000010000100001000000000001010001101100010110000000001110110110000000000100000000110000111001100000001001111100000111111000101100100000000000001000110110110101110001100000000000011100010111010110100101111000101001001111110000110011110001100000011000111110011010011011000010100110010000010000
FKFO 1                           0287                          1000010000101010010000100001011000000000001100000000001010001101000110010001111001111110010000000011111110000000000011100011111101111001100000010101100001110110000011000000000110110110111000000000000000000111100000111110110100110110000101001111111111110110111111001100001111011001010011011010011101100000110011100011100
VIB 783                          0288                          0000000000000000100100000001001010001111110100001001010000000000010100110000101100000000001101000000110011000000000001011000010010011001100010000100011101000001110000000000000100000111100000110000000101110000111000111000001111100001001100100100001101000100101111000010110100111101110011100100000101000000000000000000000
VIB 784                          0289                          0000000000000000000000000010000110001000000010000000000011010011110011010110111111100000001100000100111101100110110000111100000010010001100000010101111000000000100000010010001101011001110000011100000000011110110000110001001111000001110000111110010001001000101111000010110100111111100011100100000000000000000000000000000
VIB 239                          0290                          0110000001000000001001001000000000111111100001010010111010000010100000011101111111110100110001101111111001100011000111001100000011011111000111010111110000000001101100011111100001111110001100101000001100000000111001111001011111000001001000111111110100001001011111000010110100100011001011101100000010000000000000000000000
VIB 215                          0291                          1010000000000000100000000010000000011010110001000010000110000010100000001110001111110101000011111011111101100000000110011100000010111101110010010111100000000001100000101010010110000110001100110000011100000000011100110011011111100011001100111111001000001010111111010010110101110010100011011100000110000000000000000000000
VIB 507                          0292                          0000000010100001101101010001001001001111001000001010010000000000111000111000011110000001010001110000110101110000000101100000000100010011101111011011001100000001100000000101001010110001001100000000000001000000111000101100011110101101001100101001011010001000111101001111000110000101110011101100001101000000000000000000000
LMG 16751/R14793                 0293                          0000000010000000110000000010001010001100001000001010010001000001101000101000111100000001101100111101101100000000000100000000111110010000100111011000101110000110110000011100010111010001101101000000000101110000110000110001101100001101011101111101101011000000111110000010100111110111110011001110001111010011001001010010000
LMG 16752                        0294                          0000000000000000110100100010101010001001001000001010000000000000010001101000011110000001100001111011110100000000000100000000111101110011100110100111101100000001110001111101011011011001101101101101000101000000110001010111101100101101111100111101111111000000111111001110100111100111100011101110000100001010000001001000000
VIB 685                          0295                          0000110100100000100110000010001110001001001000001010000001000000100000111000011100000001010000110100100100000001001100000000000101010001100110010010001101110011100000010100001010110011001001001100000101000000100101011111101100101101011000111000011011000000110110001100100110000111100011101110101101000000000001000000000
VIB 502                          0296                          0000000010000000000000000010000110001000100001000000000010001011000000000000101011000000000001000100001011011000010000011100001110011001000011010011101000101000100000110110001110010001100010010000000100001101110010111111100111000111111000100111001001000000111111001000010110111111011011101101000110000011000000000000000
LMG 19031T                       0297                          0000000010000100010000000010001100001101000101000000001010000011011010001010101110000000001001000100101001010110010000010100000010010001000111011111011111000110110000010010011101011001100000010001100000001110100010011111100111001111111000101101011110000001110111110000010100111111000011001000000000000001000000000000000
VIB 504                          0298                          0000001000000000000100000011100110001100010101010000000000001101101000010100111111100000001001000110001100000110011000011000100111011000001100011111101111000000100000111010001101000001101100010001000000001110111010110101100011010001101100001110001111000001101111001100110010111111000011100110010011000001100011000000000
KV 2                             0299                          0000001000010000010000000010000110011100100110100000000010000000011000100000101110000000001011001100111100000110011000011100000001011011000011101111101111000000011000111011001101000001111000010000000000000110110010110001001111001001111000000111010111000000111001111100010111101111100011111110001110000000011011011100100
R 3874                           0300                          0000000000000000010000000000101110001100000101000000000000000110100000100001111111000000000001100110001101100011100011111110000011011001110011100001101110001000101000111010000001011111101011111000000100000110111010110111000111001101101100011111001101000000110111101000010110011111010011101101000110000000011011011001101
R 3734                           0301                          0000000000000000010100000010011110001101000101100010100010010010100000000000111111000010000001000110111000000111100000011100000011010001110110010001101010000000101000011110001001010000101011010000010000001010011010110111000111011111111000001001001101001000011111011000010110111100110011100111001111000100000010011001101
VIB 498                          0302                          0010001100000000101000000010100011111011000111000011000000000010110000010100111011010000001001000100101101000100110000111000000011111101000000010001011000000000000001010010001101010010001110111000000111001110111011101111100111000011101100101100010101000011110011011100011010101100101011101000000000000000000000000000000
VIB 830                          0303                          0110001100100000100000000010100011011001000101000011000000000010110000010100101011010000001001000100101101000110111000111100000011011101000000011001011000000001001001010010001101010001001110111000000111001110111011111101100111000011111100101110010111000011110011011100110001101111101011001110010010000011000010011000000
INCO 67                          0304                          0000100000000001111000100100000000011010000000000000100000100000101000100000111000101000000000000111001100111011010000010000101110000000000111111000011100100001000110111101100100110001010000001100011110000000110111001111100001100111000001100101100011111000100100010010000011010001101111000000101101100000001000010000000
INCO 63                          0305                          0000100000000011101000100110000000110110000000000001100000100000111001100001111001111000000001101111001101111011101000011000000111000000000011111000001100110000011110110111110110110001111000001100011110000000111110001111110011101110100001100101100011011100101100000010100110011001100011000000001101100000001100011000000
INCO 62/R14803/LMG 20537         0306                          0001100000000111111000000000000001011010000001000010010001100011101100110010101111111111100001000111010000101011010000111000000110000001001110111001011000101001010100101101111100111011010000001100011010101000110110111111110001100111011101100101110110111000111110100010000111110001101111110000101101000000011000010000000
INCO 175                         0307                          0000100001000001101000100110000000101010000000000000101100000001101000000111111101111110000000001110001011110001011000011110010111110000000111001100011100111001000110000011110001100001111000001100011100000000111111111111100001100111110101100101101111110000101000000010100011011000000011000000000011000010001100011000000
VIB 575/R14805                   0308                          1001000000000000110000001000000100011100100001000000100000000000000000000000110111100111111011111111111000000011010001100000000011111000100000111101001001000001101101000001001011110000011100000010000001101010111011110000010000001001111000110110000011111000101111100110010101011001110011110000001101000000000000000000000
VIB 556                          0309                          1001000000000000010000001000000100011100100001000000100110110000000000000000110111100111111011111111111001100001010001100000000011111000000100111101001001000001111001000001001011110000011100000110000001101010111011110110010000001001111000100110000011110000101111100110011001011001110011100000000100000000000000000000000
VIB 212                          0310                          0000010001000100000001100000001100001100000001000000001100001011001000001001010100100000100001001110100001000000001001001010000100011111001101111101100000000011000001100110110111110010001000001101000000010010010101001001000110001100011101101010000001100111011110010010110011011001000011110010000000001000000000000000000
VIB 224                          0311                          0000100001001000100000000000001000011110010001000000111100001001111100000011101100110011100111100111100000000000011000001000000000011111001111101101100001100001100001101111000000110110110000000001011000110011011110001001100000001100011100111110000001100011011111011010110011011001101011110000000000000000000000000000000
VIB 211                          0312                          0000110011001100010001000000000100001010010001000000011100001011001010010011100000000000110011001110000001000001010000111110010000010010100111001001000010000011001101010011000100110010101000110001010000001010010111001001100001110000011001101011110101110011011111011010100011011001100011110010000001010000000000000000000
VIB 210                          0313                          0000110001000100000100000000001100011100000001000000111100001001001100000011100100110000000011001110110001000000011001101111000000011111100110001101100000000011100001100011010011100010011000111111000011000110111100001111000101000000011001100010000011100110011110011010100011011011100010010010000010000000000000000000000
VIB 195                          0314                          0000010001001100000000000000000100011100010001000001101100000001001000010011100000100111110001111111110001000001111000001111100101111101111000001101100011000001010001100011000011110010110000100111011000001011011111001001000000110000001101001010010111100010011111001010100110011111000011000000000000000000000000000000000
VIB 193                          0315                          0000110101001000000000000000001100101101110001000000011100000011001000010011111100100000100001101111110001000000010001101100110100111111110100101101100010000111100001100110000001111110100000000001011000001010111000001001100110000000011101110010000001100011100011011010100100100001000011110000000000001000000000000000000
VIB 192/ R14780                  0316                          0000110100001000000000011000011100011101110001000000011000000111001100010001111000100000000001100111110001000000001001101100110110010011000000001001100010000111000001000001000001110110000000000001010000000010011000001001100100000000011001110010000001110010000010000010100000110001110011100000000000001000000000000000000
R 3765                           0317                          0000110000001000000001010110000100001001111011001100000100000101011111000011100111101101100000001111101100110000000001101110011000111111100001101101101110000010101101100111000011110011001110011001011000111100111000111011110001100000111100111011000110000000111101100010110001011001110011111001100110000000110100000011011
R 3722                           0318                          0000010000001000000001010010000100001000110001001100000000000101011111000001100011101001100000000111100000110000000001101110011000111011100011001101100100000011010011000111000001110011001110011001111000111100011000111011110001100000111101111011000111000000111101100010100001011111100011111001100111000000001100000010011
R 3718                           0319                          0000010000001011000001010010001110001000110001000100000100000101000110000001000011101000100000000010101100100000000001001000010000111011100001101101101111000011101101110111000001110011001110011001111000111100111000111111110001100000111101111111000110000011111101100010110001011110110011110001100110000000011000000011011
R 3803                           0320                          0000110001011001000001010010000110001000100001000100000100000110001011010001100011101000100000000110101100100000000000001000000000110111000001101101001001000010111001110111000001110010001110011001011000101100010000101001010001100000110100111111000110000000111101100010100001111000110011100001100110000000101000000000000
R 3712                           0321                          0001110000001000000010010010000110001000100001000100000100000010001011000000100011101000100000000110101000100000000000001000000000011111000001101101001001000010101101110110000001110010001110010001011000101100010000100001000001100000110100111111000110000000111101100010110000111010110011110011100100000000101000000000000
LMG 11221                        0322                          0000010100001010000100100100100101100001010000000000001100001101100110000111100000000001100110001000011000000011110000011000011111100000000110000000011000001111000110001110000011100000001110001100110000000000000111101111110000011111111111000000001110000000000001100110000000000011110000110011101010000000110000000000000
LMG 4228T                        0323                          0000010100001100000100100100100100000001010000000000001100000100100110000100100000000001100111101000011000000011110100011000011111100000000110110000010110011011000110001110000001100000011110110110110000011000000111001111100000011111111111110000001100000000000001110110000000000001110001100011100000000000100000000000000
LMG 10944/vib 377                0324                          0000000100001101000100101000100000000100000100100000000000011000000110000000100011110001100110111001110000000110011000011000110000011000000110111000000000001111011000111100110011001111001110000000000000000000110001100110110000110111110000000011000110110000000011000110000111001111100011000110110000000000110000010000000
LMG 19157T                       0325                          0000100000010000010000001000010011010100001000000000110000000011000011010111001110001100001100000000001100110110100011011011001111111111100000000000000000000111000011000011000011000000000110000000011000000000011000011000110000011110001000000001100101100001100010000011000000111111001011000010000110000001000000000000000
LMG 19980                        0326                          0000100001100000110000000000110000010110001100000001111000000011000110011111001100011100001100000000001110110111110110011011000011111111100011010000000000000111110011000101100011000000000000000000111000000000011100011111100000111110011100000001100000100011100011000010100000111101100011110011000110000001011000000100000
R 3884                           0327                          0001000000000000000000101110100000001001010000101111111000010111100000001100000000110111011011001101111011001101111001111000000010011100010100100111000010101000001100100110001011000011100010011101100000110010001010111110000000000000111000110011110010001000111010000110110001111011100011001100000110101000101000100100000
R 3895                           0328                          0001000000000000000000101110101100001001110000101111101000010011100000000100000000110111011011111101011101101011111001101100000000111100111100100111100010101000001110100110001111000011110111001101100000110010001111111110000000000000111000011111010011001001111010000110110011111111100011001100000110101000101010100000000
R 3893                           0329                          0000000000000000000000001110000000001011000000111111101000000011100000000110000000110011110011001101011101100011011001111000000000111100011100100111100010101000001110000110001111000011000011001110100000110000001010111111000000000000011000111011110010000000101110000100110001111100110011001100000110101000100001000000000
R 3743                           0330                          0000000000000000010000000010000100001001100000101001110000010010100000000100010000100010011010111001011001000010010001111000000000010100011000110101000010101000000100000111000011000011110010010010100000110001001010111011100000000000011000011011011011001010111010000110110011111101110011001100010100101000011000110011000
R 3841                           0331                          0000000100000000010010010001000100001000100000110011110000000000001100001011010011010000011001010000100001000011000101111000000000011101111011010111000000101000000000000000000011000000110010000011000000000000001110111111000000010000001110001111001100000001110110000111010001110011000011001110011110101000100011000110000
R 3916                           0332                          0000000100000000010010010001000100001000100000110011110000000000001100011010000011010000011001010000110001000011000111101100000000111101111011010110100000101000000000000000000111000000110010000001100000000000001100111111000000010000001110001110101100000001110110000101010101110011000011001110000110100001001011000000000
R 3912                           0333                          0000000100000000010010100111000100001000100000110001111000000000001100011011000011010000111001010000110001000011000111101100000000111101111011010111100000101000001100000000000111000000000110000011000000000000001100111111000000011000001111011111001100000011110111000111000101110011000011101110000110001010001011000000000
VIB 787                          0334                          0000000000000100101000100010010101101000000010000011110100001000000000000000100000100000001101100110110111101111110000011000000001111100110000000111111111000000000110000000011011010011000011011011000100000001011001111011010000110011001100100000011100001101111110000010000101111001100011101000000000100010000001000000000
INCO 48                          0335                          0001000011000000011100001001010000000100000010101001010011001000011100110000110000110110001011111111011001111000001000000001100000011000001100010111100001110000000000001100001011101100001110000011000110001011011000101101101111000000001000000111000011000001100011001100100011110001000011101100000111100000000001100001000
LMG 8455T                        0336                          0110011000000011010100101010100111000001001000001011000000000000110100110001101000011010111110110110011111111111100000000000011000000000000110000000001101100000011001100000010101100111110111110110000000111000000011110110110000000011000110111000110000000001100111010010010110000000000000110000011100000001100011000100100
STD3-1001                        0337                          0000010010000001010100010000000100000000010101011010000000001011100000000010001100000111110011101100111111111011000110000000001111110000001110000000011011000000000110100000000111111110001111100111011000000110110001111001111000111000000000000001101100001100110011011100010010011010100011111000100000000000000001000000000
STD3-348                         0338                          1000010010000001010000110000000100000000010001010010000000010001100000001010000100000011100011101000011101011010000100001100000101100000001110000000010101100000000011011100000111101110000101000101011010000110110000111001110000001001100101100001101100001001100010011100001010011000100000110000100000000000000000000000000
LMG 10940                        0339                          0010000001000000100100000000000010011010000000010010001010000000001000000000000111000111100001111011111111001100001100000011111110000110000000001111110010110000000000111000111111110110001101100000011001111000001100001111001100000000000101110000001110000110000110000000010111010011101111100111000110000000001100110000000
LMG 19445T                       0340                          0000100110010001000000000000000110100010000001010000001010000010001000001000000010000110110111111000111110011000111100000010011110000110000000111110110100110000000000110010111111101110001101100000011100011000001100001111111100000000000001111100000000110000011110010000010111000011110011110000000110000000110000100000000
LMG 7892T                        0341                          0010100100000100100000000000000101110110001001110011011111100110011000001000100011110011111111111001111111011011011100000001111110000110000000001110000011110000000000111110011111101110001101100000011110000110001100111111111100001100000101110000011001100100000100010101010111110110110011000000000010000000000000000000000
HDV 1-2                          0342                          0001011000000101000100000101100110000010010001100011000000000100110011110011111100001000110000000000011100011100001100000001011110000011000000001111011111100000011000001000001100001110000000000000000000011001100001001101100110111000000111101100000100011011011011000000000000000011000110011001001101100010011000011000000
HDV 2-1                          0343                          0101011000001001010100100001100010100100010001100101001000001100010001110101001000000000110000000000011000000100101000000001000110000000000000000110111011010100000000011000001100001000000000000000000001011001010001001101100100011000000001001100000100000011100001100000100000000111101110010000010101100011011000110000000
LMG 13218/VIB 191                0344                          0010101000000000111000001000000100100001100000001100000000010000000001100000100010000000000110100000001111100110001000000000000000000000011111011000011000110110011011110001100000011110011000100000000001100001100110011000001100111001100000001101101110111001100000010110000011000110110011100000011000000001101101100000000
LMG 7893T                        0345                          0001100100000001010100001100000000110011000001100011100110010000011001100110000010011000000110000001111111011000000000000000111100000000000011100000110111000000011011110001100011110000011000000000000000110110001100011111011110001110000000011001101110011101100101111000101011000110110011100000011000000000001101100001100
LMG 11229/VIB 515                0346                          0001000000000101000001000100000000010010000100001001100001011000000001101100110000010001111011100111101001011111011100001100110001111000110111100000001010001111101100010000111001110000001110000000000011111110101111111111110111111001101001111111101101110100111111011000000000100111100011001011001001100000011100110011100
LMG 19663T                       0347                          0001001000101100110010100101001010001011001000010001000100010100100000101000000000010010000000110000011111100011110011110000111000101001100000100000000001101110111001101100100001111011011011001100011001101101110110100000001101110100110101101101101101111000111101111110000010000111001011111011001011000001000000000011000
LMG 20038T                       0348                          0010000000000000001100100100110000010001000011100001001110011000001111100000000000001111000000001101101101110110111100001100011110001100001100001000011000110011111011111100011110000001100110000011000001101100001000101111000011011100000110011001111110110000001111001110000110110111100011110000001010000001101100000000001
S-4                              0349                          0010000000000000010100100000100001010001001000100001011010001000000010100000000000000011000000001101001111111000111100001100001010001100000000000000011001100011111010111100011110000011101110000011000001011100011001101111000011011100001110011101110110110000001111000110000010110111100011110000000110100000001010000000000
B 2.1                            0350                          1000000010000010010110000100010010110000010010111011000011000010110101110100001100111001100110011110110100001111111100000001000011111110010101111001000010001100011100000110111101001111101111101111000000110011100110111001110010111111101100111100011001111000111100111000010110010011010011011110101110000000011000000000000
B 9.3                            0351                          1000000010000010011110000100010010110000010010111011000001000010110101110100001000011001100100011010010100001111111100000001000011111110010101111001000010001000011000000111111001001111111111011100000000110011010110111101010010111111001000111100011001110000111100111000010110010011010011011110101110000100011000000011000
LMG 19706T                       0352                          1000000010000010010100000100010010110000010010111011000011000010010101110100001000011001000100001000010100001111111100000001000011101110010101101001000010001000011000000110111101001011111010101111000000100011010110111001010100111111001000111100011001110000111100111000010110010010010010111110101110000100011011000011000
LMG 16749/VIB 686                0353                          0100000010000010011000000010000100011000000001011011110001011000100000100000100010000100111111010111000011000000011101011100001000011111100011011000111010000001100000011110110001100011111000111100000001010000010000111111000001101001100010110110011011001000110111110010110100101101100011100111100111000011000111000111000
R 3700                           0354                          0010000000000000111000000010100110001101100001011001110000001011111100000010001111000011011111111110000110000000111100011111101111000011110000001100000000011001110000011110001101111011101100111000001101100110001111000111111111001100001111011000111001011101111110011001011001010111111110001101100001100001100011000110011
INCO 41                          0355                          1000000000000010010000001000000010001100000001100001100000000000001000000000100111110111110001110011010000000011001111111001100011011000111000011101111101100110011110000111101101111000111100011010001111111000111000111000001111000011111100110111011011011001111011110000010111111000100011111000001101101000000111001100011
INCO 29                          0356                          0000001000000010000100001000100001110101001000001110000110100001111000010000001101111110100110000101110000000011010101111000100011110110110110000001000110000000000000000010100011010010000001100000111101100100000001111011111111110000001001111011100000001100110100110000000111101101100110101000111001100111011110011011010
STD3-164/R14818                  0357                          0000001000000000000011000001000010101111000010001000101000000000001001111000100010011100011000001000010011001000001001000001010100010001001000101000011111100000000110011000000011111011000000111101100000001011100110110111111111111100000001111100110110001011111110110011010110110110110011110101001011101000001101000000000
STD3 1202                        0358                          1000110000000100110000001010010011001000100001000111000100001000001000010011000011011011000000100100001111000001100001101011110000100011000000000111100000011100000110000001100001101111111110111111000000000110100110110110000101111011110001111001100110000110000110011000000111101100101011000110000111000000011000000000000
INCO 293                         0359                          0000001010000000100001000010100000001000000001000011100111100000000001100000111111000111101111100000000011110110011011000000000001000001110111001100111101100001100011111101110001101111111100111011111011110110011111001111110011111111101100001101101101101100101100011100110101010110110001111011001000100010000000001000100
R 1491                           0360                          0011010100110010011000010010000000010000010010100000001000101100001000011001011011100001111000001010001101101100100000000110110110110011011011110000011101110011000011001100001101101111111111100000011111101011011011101110110001101000011011110000000101001100010100110110110011011011000111100110110000101011000000011101000
KV 3                             0361                          1000101000000001100000000010010000001000000000000011010000000100000000100001010000111000001110100110011111001000110001110000000000011001111000000111111111000000000000000000000110011111100110011011100100110011011100110011010000111101101110011110001110000011111111000010100000110101100011101010000110101011000011011001100
KV 4                             0362                          1000101000000001010000000010010000001000000000000011010000000100000000100000110000111000001110100110010111001000110000111000000000011001111000000111101111000000000000000000000110011111100110011011100100110011011000110011010000111101101110001110001110000001111111000010101000110111100011100000011100100011000000011001100
STD3 866                         0363                          0010010001000100000000000000000000000000000000010001111111110011000001101000110001000000111001110000101000110000110000101111110011001010110001000000001101101000000000000000110111110010000000111100000010100000101111100100010100100110000001100001100000001000111011010001000001111010110011001011000001000000000000100000000
LMG 16851                        0364                          1010101101000010000000101000000100100000000001010001010111010000110000001010101000000100101011111001011100111000100000101111100111001010110111000000000100110110000000110100000101110011100000101100010111101110101101100110110111110111000000000101100000001001111111111001010111111011110011000011101001010000001110001100110
LMG 10936T                       0365                          0011010010000111011110000000000100000000000000110011110011111000000011111100000000000100111001111000001110000000011001101000111000000000011000000001101000001111001100010011110111000100000011000000000100101011100000100011100111011110110011001001100111001010011011000110000011100011111011001011000001000000000000000000000
R 3787                           0366                          0000010001010000000000101011101101110000001010101000011101001100100000010011011000000000000001100001001111000000000001001100001100001101100001100110011100111100000000001000001100110110110000111110101100000000110111100110111000100011000000110110001100000000000001100110000011001111100111111000110011000000011011000000000
RFT 1                            0367                          0000110001010000000001111010010111110100001011111010111100001100010000010011111111101000000000000111111100000110011001000110000000001111000111100000011100110000110000010001101100001111100000011110101111000001101100100001111111100110000011010001111000110000001111011100110111000011000011011011100011000000111011001100000
STD3-338/LMG 19998               0368                          0000001001000011100101001010100100000001100111010110011110001000011110011111000001100011110100110000000000000000110100101111100000011001000011000010000011100001100110011100011110100011011000110001101000000100010000000111011000100011011000000000000000011000011110010011000000011111101011100111100001100011111000000111000
LMG 11665/VIB 432                0369                          0001000000000001111000000100001001000000001001100000000010001110011000110001100111101100001111111000000011000110000000011000011001000110000000111000000011000110001100111001111111001111100000000011111100101011000000001111011000110100000101111000000010110011001110011011000110110011011011011001000111000011001111101100000
LMG 11658                        0370                          0000001000010111000010011100000000000011001100011110001101000000010001110000011111110000000010110111111000100110110001011111011100001000001101100110110000000000001110110101111000000000011000101100011000000110000000000110011000110010110110011000001000001011110000000110110000111011100011011010010011000001000100110000000
TAR 9                            0371                          0111110110010001001001110000000101000000011110110000011100101100011001111111111111110001111000111010001101101100011000000111111110011011011011110100001110011110000111011101101100001100110011000000111011100000011010000110000000001110011011110000011110000000000000110110110000000111000110011000001100100011000011000000000
R 3696                           0372                          0011010100010010110100100010100100010101111010011100111111000010011011000000111100001000110100101111001111100110001110011011001111000011111011001000001101100001100111010001101100000110001011110000111110000000110000010000000000001111000101011000110010011001101101110000010101111000010110011011000001100000000011001000000
ATCC 33896                       0373                          1000001000010100000110101101000010010000000111101101100111000100010011101111000000011001011000000000000001100011100000001001110011100011011010010001100100000000100110110000110001100000101011000001000000011000011100001100110100101100011000100101101011000000000000001011011000010100010000011000100001000001000000000000000
VIB 194                          0374                          0000001001000101100110000010000110011100000000010000001100000010000011111111100101101111110001001111001100000001011100001101000000011010000111101101101110100001111010001110000001101111100110111010110000001000011010001000001011000000011100111100000010110110010111000011000101110101100011110011000000010000000000000000000
LMG 10952                        0375                          0000110000010000100000001010000110011000000000010000101111000110001111011111000101101101100001111111100111000100011001111001100011111100000111100001111100100000001011110110000000001111001100011000000000110110011010111011100011000001111001110111101010111111100011000010110011100000010011100001100110101011000001100000000
R 3788                           0376                          0001001000100010001000100001010001100001011010010000001111000000110111110011100111111000001010000110001001111100011111110111101100000011011000001110000000000111100000000011110001111110000001001101111000010110110011000110000111111110011000111001101100101110011100110010100100110011100011100000000100101100010011000110000
INCO 40/R14835                   0377                          0001000010001001000000001110100100101000000101000110000111010001000011010011000100000001000011000010110110000101101110100110011001110100011111100000110000100000001110001111010001111111011110001111011000010101100101000000000110000000100111111000000000101111010011111000010111011011111011111001101000001001001000000000000
VIB 853                          0378                          0001010100011000000010100101100000001000000001100110000101010001100111010001000101000000000010000010010110001001000111100111110010101000001011000110010001100000110100011011101000001100110100000111110011011101100101000001000110000010011110011010000110010101011000110010011000010000011111000000000000000000000000000110000
INCO 241                         0379                          0010100100000000110100110010000000000000000001111111111110000000001111110110111100000001111000000000110000000011000110110000110000000111101100001111000000000011110000011111100001111011000001111100000000001110000001100011110000000001100101111011100111100110000001100110110000000001100000001111010011001010000111101100010
R 3691                           0380                          0110110000100111111110100001001010110100000001101101111111000011100111101111111000011011111000011110000011110000001111100110000000000110000011110110000000001111001110111111000011100011100110000011110000000111011110011001111000000110001110001100011110000011001100110000010100000111100011000001110010000110001100000111000
INCO 336                         0381                          0000000110100000011100000101100000001000000000000101101111111111100111011100111111100000111011000111011111110000000111111110000000011000100110011000011110000111110001100011110000110000101100011111000110000000011101101100001011001110110100000001101101101011110000000110000001100111100011000000000000010000000000000000000
INCO 409                         0382                          0000000110100000011100000101100000001000000000000011101100111010100101011000100111100000111011000110011111110000001011010100000000011000100100010000011110001111000001100001100000110000011000011110000100000000011001101100000011001111010000000001101001101011100000000110000001101111100011100000000000010000000000000000000
INCO 386                         0383                          0000000110100000011100000101100000001000000000000011101100100010100101011000101011100000111011000110011011110000001011111100000000011000100010011000011110000111000001100011110000100000011110011110000100000000011101001000001011001110101100000101101101101101110000000000000001101111110011100010101001010100000000000000000
INCO 318/R14864/LMG 20547        0384                          0000000110110000101100001011100000011000000000000111111111111111111111111100110111100000111111100111011111110000001111111110000000011000110110011000011110001111100001100011110000110000101100011111000110000000011111111100001011001111011100000001101101101101110000000110000000101111100011101110001110010110110011000011011
INCO 312                         0385                          0000000110110000111100001011100000011000000000001111111111111111110111111100110111100001111111000110011111110000001111111110000000011000110110011000011110000111100001100011110000110000011100011111000110000000011101111100001011001111011100000111101101101101110000000110000001101111100011101110001100010110110011000011011
INCO 311                         0386                          0000001010000000101100001011100000011000000000001111111101111111100111111100110111100000111111000110011111110000001111111110000000011000100110011000001110000111000001100011100000110000011100011111000110000000011101001100001011001111011100000011101101101101110000000110000001101111100011101001101100101010110011000011011
INCO 406                         0387                          0000000110100000011110000111100000001100000000000111111101111111100111111100110111110000111101000110011111110000001101011110000000011000110110011000011110001111100001100011110000110000111100011111000111000000011101101100001011001111011100000101101101101010110000000110000000101111100011100101101100110000110011000011011
INCO 384                         0388                          0000000110100000011100000101100000001000000000000101101100101111100111011100110111110000111101000110011111110000001101011110000000011000110110011000011110001111100001100011110000110000111100011111000110000000011101011100001011001111001100000101101101101010110000000110000000100111100011111000001100010110110011000011011
VIB 505                          0389                          0000000000011101000000001000000010100000011000000011010100000101010100100001101001100000000011000000001100010101001010000111000010010110000110001000001011110000000101100110101100111000011100111000001100010110110100111000001110000000011000000011011100000000010001110011000110111110100011111100011100000000000000000000000
STD3-1059                        0390                          0000000000000111000000001000000110001000001001100011010100000100000101100001111001010001100011000000101100010100011001000111000010010010000110011000001011010000110001100110101100011100001100111000011110010100110000111100001011000000111000000110011000001000110001110010100110111111000011001101011000000000000000000000000
STD3-1018/R14871/LMG 20001       0391                         10000000000011100000000101000000000001000111000100011010100000100000101111001101001000000000011000000001100010100001000101000000010010010000100001000000011110000000001100110101100011000001000010000011010000100010000010000001011100001111000000111011100000000010011110010100110111111010011111101111100000010000001010000000
INCO 296                         0392                          0000010000011101000000000010000000011000011011100011110100100100000111100001111001000000000011110000011110001100001011100111000011011111000110001100001011100000100000110111101100011011001000010000001101110000111000111100000011000000010010100111011100001100000000110000000110111110000011111101111100000000000000000000000
FKFO 117                         0393                          0000000000000101000000011010000000001000011001100010010100011100000111110001111001000000000111001000011000010100001010011010001010011011001110001000011011010000010001100110101101111010001100110000011100010000111100111100001110000000011100000110111000100000110011110111010110111110001011111111111000000000000000000000000
CHILI 3                          0394                          0000000000011111000010001001000000001000011001000011111100000101100111110001111111000000000111010000011100010110001001101101001010011011110100001000001011110000010000100110011100011010001000011000110100010001111100111000000011000000011000000111011100000000011011110001000110101111000011100100000100000000000000000000000
STD3-1070                        0395                          0000100001111110000000101000000000111000001000000011010000000000010000100000100001000000000001000000001000000100001000101000000000010010001000000000000001000001000001100110000000011000001000010000110100000000011000011100010011000110011001000100011100000000000011100001010110111110000011101100011100000000000000000000000
R 1556                           0396                          0000000000011101000000001010000100001000111001000110010100000100000101100000101001100000000001000000011100110100001001000111100011011110000100001100001011100000000001110111101110011100001100010000001100010000111000111100000011000000011100000111001100000001110001111000000110000111000011000100001110000000000011000001100
R 1578                           0397                          0000000000011101000000001010000100001000011001000110010100000100000101100000101001100000000011000000011110110110001010000111100011011110000100001100001011100000000001110111101100011100001100010000001100010000111000111100000011000000011000000111001100000000110001111000000110110111010011111101111100000000000011000001100
R 1563                           0398                          0000000000011101000000001010000100001000111001000110110100001100000101110000111111110000000011100000011110110110001001000111100011011110000100001100001011100000000001110111101110011100001100011000001100010000111000111100000011000000011000000111001100000000110001111000000110111111000011000100011110000000000001000000000
R 1572                           0399                          0000000000001000011010001000000110001000000101100011010100001100000111100000111001100000000111000001111000010111001010001101000011011110000000001100001001100000000001110111101101111111101100110000001100010000111000111111001011000000001011000111011100000000110001111000000110110111000011110100001110000000000001100000101
R 3761                           0400                          0000000000011100000000011000000000001000011011100011110100001100010111110001111011000000000111000001111110010110001111100111000011011110000100001100001011100000010001110111101110011000011100011000001110010110111000011001101011110000011000000111001110000000110001111000000000110111011011111100111110000000000011000001100
R 3891                           0401                          0000001000010101000100111000001100011000001011100011110100100001000100100011111111000000000011100011101100000110001101000111000011011011000000111000000001100000000001110011101100011100001100011000001100010110110000110000001011000000011100000111001100000000110001111100110101110111100011000100001000000000000001000000000
R 3784                           0402                          0000001000010101100100111000001100011000001111110011110100110001000100110111111111000000000001100011111100000110001101000111000011011011000100111100000011100000000001110011101100011100001100011000001100010110011000110000001011000000001000000111001100000000110001111100110001110111010011111100001000000000000001000000000
R 3781                           0403                          0000001000010101100010111000001100001100001011100011110100110011000100110111111111000000000001100011111110110110001101000111000011011011000100111100000011100000010001110011101110011100001100011000001100010110011000110001001011000000011100000111011100000000110001111000100101111111000011000100001110000000000001100000000
STD3-1234/R14876                 0404                          0000001000000000000000001000000000100010000010010000001100000001000001110000000011111000100000100011011000110000011110100100000001100111010000000010011000100100000110010011100000110111110000001101100000011000000000000110011000101000000101000001100100001001011100000010110111110001100111111000000001100000000000000000000
STD3-331/LMG 19993               0405                          1000111000010000000000000000000000100010000011010000000000000001000000110000100111110000011010000110010000010000011000100000001101000011000000011101011000100100000000000010100100110100110000001110000000010110000000000110001100101100010000000001100000001001011100100010110110110011110011011000000001101010000011000000000
VIB 566                          0406                          1000011100000000000000000000000000100001000010100001000000000001000001100000101000100000001011100010000000010000011100100110100001000001110000011101010111001000000000110010100000111111110000001111000001010111100110011110011000101110000101101001101000011101011100110010110100011001100111011000000000000011000000000000000
STD3-336                         0407                          0000011000000000000000000000000000101010000010010000010100000001000000110000100101110001101011000000010000010000011010100110000001000111100000011011011000100100000000000011100000111110110000001110000000111110000000001110001100101110010101100001100110111101011100000010110111110101110111011000000001000011000000000000000
STD3-86                          0408                          1000111000000010000000000010000001101001000010000000000000000001000010100000101000110000001001000001000000011000001101100100111001000011011100011100010000110100000000000011100000111101111010001110000000011111000000010110111100101110010000100001101000101101011100011010110111101111110111010000000000001000000000000000000
VIB 333                          0409                          1000011000000000001000000000000111100010000010000000000100000000110000100000100000100000010001000001000000100000001100110100000001100001110000000100010110100100001000000010100000101100111000011111000001010110100000001110011010111110010011101101101000111101011100110010110111110111100011011000110001010000000110000000000
VIB 325                          0410                          0000011000000000000000000010000000100000000010110000000101000001000010111011100001110000001011110111011000110100000011110110100101110011010000011101000000110110000001110011100011110110110000001101100000001111000000000110001110101110010011000001111000001111011100000010110110110001000011000000000000000000000000000000000
VIB 320                          0411                          1000011000000010000000000000000010100001000010110000000101000001010010100000100000110111110011001101010110110100001110100011100001000111000000011010011000110111000110110011100000111110110000001110100011010111000000011110001110111110010011100101101000101111011100000010110111110001100011011000000000000000000000000000000
VIB 323                          0412                          0000011000000100000000010001000010101010000010010000000000000001000000010000100111010000010010000111000000110100000110100110000000100111000000111011011000110110000000000011100000111110110000001101000000010111000000000110011000101110011101000001100110001101111100000010110110110001100011011000000000000000000011000000000
VIB 565                          0413                          1000001000000000000000000000000000100001000010010000000000000001010000100000100000110001100011100001000000100000001110110110011001000011010000000111011000110100000000110011100000111110110010001111000000000111000000000110011110101110010101000101111110011001011100000010110110101001100011011000000110000000000010110110000
VIB 562                          0414                          1000001000000000000000011001000101100001101010010000000100000001000001100000100000110011101111110001010000110100000110110100000000000001010000001111011000110101100000110011100000111110111000001111010000010111000000011110001111111110010101111001111110101101011100000000110100110111100011011000000110000000000000110001100
VIB 563                          0415                          1000001000000000000000010001000110100010101010010000000100000001000000110000100010110010011011111100010000110111011110110110111111000011010000011011011110100111100110000010100000110110111000000101111001010111000000000110011011111110010101111001100110101100011100100010110110110001000011010000000001000000000000000000000
VIB 614                          0416                          1000000100000000000000000000000000000001000001000000000010000000000000010000101100100000000000000110000000000000110010000010000000000011000000011001011001100000000011011000000000010110110000001111000000001000000000000110011110001010001101000101100000001101011100000000110110101000100011011000000110000000001011000000000
INCO 51                          0417                          0100011000010000000000000001000001100001000010010000001100000001100000110000100001111001111011111011011011110110010011110110100001100011111000011111011110110110000001110011110001111111111000001111000001001111100000000110111011111111000101110100110110101110011100110010110000110011000011011000000111100000000011000110000
LMG 4407                         0418                          0000011000010000000000000000000001101101000010010000001101000001100000110000000001111000011011110011010000110000011010110100000000111011010000011111011010111110000000110111110000111111110000011111000000010111000000000110011011111110000101110101101100001111011111000010110001100111100011011000000000101000000110000110000
STD3-1208                        0419                          0000011000001000000000000010000011100010000010000000000101000001110000110001100001110010111011100110010000111100001110110110100001011111110000011000011100110110000000000111100010111110110000001111000001011111100000111110011111111110000101111001100110111011011000000010110110110111100111011000000001100000000110000000000
INCO 81                          0420                          0000001000000010110000000011000000100010000010010000001101001101100000110001100001111000000011100111010000110100001011110110100001111111110000011001011000011111000100110011110000111111111000001111000001011110100000001100001110101110010101111001111111111111011100111010110110110111100011011000000101000000000000000000000
INCO 32                          0421                          0010011000010110100000000000000011100010111010110000001101000001100000110001100001110000111011000011111000111100011110110110100001100011100000011011011110110111100110111111110000111111111000001101111011010111100000000110001100111110010101111001101100101111011000000000110000110001100111011000100000001010000011000000011
FKFO 154                         0422                          1000011000010000000000000000000011100010000010010000001101000001100000110001100111111100011011000110010000110101111110110110101101100111011000011011111000110110000000000111110110110110111000001111000000011110100000000110011111111110011000111001101000111111011100110010110110110111110111011000000101110000000000000000000
LMG 4409T                        0423                          1000001000010000000000000000000001100001000010000000001111000001000000100001101001111000110001100110011000110110011010110011100001100011010000011001011000110110000110011011110000110110111000001101110000011000000000000110011110011111000101100101101000101100011100110000110110110111100011011000000110000000000011000110000
LMG 2174                         0424                          1000000000110000000000000001000001110001000010000000001101001101100000110001110011111000011011000001111001111100001110110110111001100011000000011001011111100110000110001111110001111111111000000111000000010111000000000110011011101101110101001001100110001100011100001010110011110011100011011000000001100011000011000010100
VIB 342                          0425                          1000011010000000000000000000000001110011000011000000001100000000011110110001100001110000111011000000011000110000000011110110101101100011111000011111011110110100001100000011110000110110110000001110100001010111000000011110011011111110000011110001100110110001011100110010110110011111100011011000000001101100000011000000000
R 3854                           0426                          1000000100000000010100000001000001001100101100010000001011001100000100000001111111000001111100000001100000000000100011111100000000111101100111100011100001101100000000111111110000000110011000000001101100000000000001100110011110001100011000001100000000011100111100000000001011000001000011000110110000101000011000110001000
R 3774                           0427                          1000010100000100010100000001000001000100101100010000001011000100000110000001111111000000111100000001100000000000100011111100000000111101100111100011100000101100000000111111110000000110011000000001100100000000000001010110011110001100011000001100000000011100111100110000001011000000000011000110110000101000100000110001000
R 3815                           0428                          1000000100000000010100000001000001001100101000010000001011001100000100000001101011000000111100000001100000000000100011111100000000111101100111100011100000101100000000111111010000000110011000000001100100000000000000110110111110001100011000001100000000011100111000000000101011000001000011100110110000101000100000110001000
R 3904                           0429                          1000010100001100010100000011110000101100101100010000001011001100000110000001111111000000111100000001100000000000100011111100000000111101100111100011100001111100000000111111110110000110011000000011101100000000000000110111011110001100011000001100000000011100111000110000001011000000100011000110110000101000011000110011000
R 3911                           0430                          1000110100000100010100000001010000101100101100011000001011001100000110000001111111000000111100000001100000000000100011111100000000111101100111100011100001101100000000111111110110000110011000000011101100000000000000110110111110001100011000001100000000011100111100110000001011000001000011110110110000101000111000110011000
R 3858                           0431                          1000000100000100010100000011000001001100101000010000001011001100000110000001111111000000111100000001100000000000100011111100000000111101100111100011100001111100000000111111011010000110011000000001100100000000000001100110111110001100011000001100000000011100111100110000010011000001000011100110110000101000010000110011000
R 3789                           0432                          0000000100010000010100000001000011001000101000010000001011000000000001100001111110000001111100000000110000000001100111111100000000001101100110000011100001101100000000111111001000000110010000000000001100000000000001100001011101101100011000001100000000110000111000001100110000000000000011100110110000100000010000001101000
R 3885                           0433                          0000000110010000010100000001000001001100101100010000001011000000000011100001111110000011111100000000110000000001100111111100000010011101100110000011100001101100000000111111011000000110110000000000001100000000000001100001011011101100011000001100000000010000111000001100110000000000000011000110110000001001100000100101000
VIB 639                          0434                          1000001010001000010000001010010011001000001000110000011011000000000100000001100110011001111111000011000111000001111111110000000000111101100110000011100001101000000001111111111100000010011000000110001100001100000111010011111110001100011010001100000110000000111100000110110010000000000011100110110000101001111000011011000
LMG 19664T                       0435                          0000001100000000010000000011000011001100001000110000001011000000000110000001100110011000111101000011000110000001101111110000000000001100000110000011100001100000000001111101110010000000110000000010001100001100011000110001011110011100011011001100000110000110011000000110101000000000000011110110110000101001100000001001000
R 3882                           0436                          1000001010000000010000000101000001001100101100010000001011000000000000000001100110000000111101100000000000000000111111110000000000001101100111110111100001101000000000111101111100000110011000001100001110000110000001100011011110001100111000001100000110000000011000001100011000010100000011000110110000001000011000110001000
VIB 640                          0437                          1000001010000000010000000010010001001000101010010000011010000000000100000000100100001001101010000100000001000001001011110000000000111001100110000011000001101000000000101101110100000010011000000110001100000000000110110011011000011100011010001100000111000101111000110010110010000001000011100110110000101000011000011011010
LMG 19978/HDD 7-2                0438                          0000000110010000000000000000000000010111100001100011000000000000000000111100110110110011111110000111011100000011000011000011000011100000000001100011000000000000000110000000000001111000001100011000110000110000000000001101100000001110011000000000110000011000000000000000000000000011000110010110000100000000001100000100000
LMG 19971/HDD 2-1                0439                          0000001110000010000000110001100000011011000001100011110000000000000111101100111001110000011110000000011001111011100000000000000111100000000001101111000000000110000000110000000001011000011000011000110000000000000000011101100000000000011000000000000000011000000011000010100000000011000111110110000100000000001101100000000
LMG 19972/HDD 1-1/R15068         0440                          1000000100000000000001101101100011111011000000011111100000000000000000001100110001110011011110000000011000000011000000000011000000000000000001100001100000000000000000100000000001010110000000011000110000110000110000001100000000000000011000000000110001111000110011001100101000000011000111010000000100000000000000000000000
HDD 2-2                          0441                          0000001000000000000000100100100000011010000000001010110000000000100100001000110000100010001110000000110000000010001100000011000000000000000001011011000000001100000001000000000001001110000010011000100000000000011000001000000000001100011000000000000001110000000011001000100000000111000110000011000100000000000000001000000
HDD 7-1                          0442                          0000001000000000000000000100000000001010000000000010000000000000101100001000110001100111111110000000110000011011001100000111000001100000000001100011000110001100000110000000000001111110011010011000100110110000000000011101000011001110111000000000000000011000000111000000000000000011000110000000000100000000011100011100000
TC 2-3                           0443                          1100011000000000011000100100100000001010000000000010010000000010001100001000110001100110111100000011000000000011001100000011000000000000000001100011000000000000110110000100000011111110011010011000110000110000000000001111000000001100011000000001111001100000000011101100000000000111000111000000001100000000001100000000000
LMG 19973/HDD 3-1                0444                          0000000100000000000000000000000000000100000000000011000000000000000000001100110000100000001110110000001000000010000001100000000001100000011001100011000000000000000110110000000000111000011110011000110000000000000000001101100001100000011000000011110101100000000000001100000000000111000111000000001100000000001100001100000
HDD 1-2                          0445                          0000001000000000001000000000000000011011001000000010000000000000010100001000100000100010011100000010000000000110000000000000000001100000000001000011000000000000010000110000000001010011011010001100110000000110000000001100000000001100011001100000110000011000000011000000000000000111000111001110000100000000001000000000000
HDD 3-2                          0446                          0000001000010100000000000000000000110010000000000010000000001101100110011000110001100010110101100000000000000111000000000000000001100000000001000011000000000000000000000000000001011000000010011000110000000000000000001101001100011100011000000000000001010000000010001000000000000111100110000011000000000001011101011000000
LMG 19976/HDD 6-2                0447                          1000001000010000000001000001100000011111000001100000000000000000001100000000110011110011011000000000011110000111000110000000000000000000110000000011100000000000000000000000000001010110011001011000100110101010000000011101100000001100011000000000110111011000000011000110100000000011000111000001100100000000000000011000000
LMG 19977/HDD 6-1/R15071         0448                          1000000100010000000000000000100000001110000001100000000000000000000110000000110001110000011000000000000110000111000011000000000000000000110000000011100001100000000000000000000001010000011000011000100110001100000000001101100000011000011000000001110101111000000011000010100000000111000111000001100100000000000000011000000
LMG 19650T                       0449                          0000000110001110000000000000000000000011100110011110110110000000110110000000000000011000000011110000000000000000000000000000011001100000000000011000000000000000001100000000000000000110000011010011000001100000000000000111100000011000000000000000011000000000111110000000000000000110001100110000000000000000000000000000000
LMG 19969/HDS 2-1                0450                          1101010010000110000000000000111000011000001110011000010000000110001100100000111100110001100110001100011001111011001101100110000001100011000000000011110101100000000101111000010000001000000001111000110000000100000000011000111101101100000011100110000011010110001111110000000000001100000111011000001100000000001100000000001
HDS 2-2                          0451                          1111010110000010000000000000010000001000001100001000010000000100000100000001111000100001100110001100011000101111001001000011000001100001000000000011100001100000000111110000100000001100000011111000100000000100000000010000111101001100000011100110000011010110001011110000000000001100000110011000010100000000001100000000001
HDS 1-2                          0452                          1111010010000010000000000000010000001000000100011000010000000100000100000000100000100000000100001100011000011110001101000110000001100001000000000110100101100000000111110000110000001100000111011000100000000110000000010001101100001100001011000110110011010110001011110000101001101100000110011000010100000000001100000000011
HDS 3-2                          0453                          1101010110000010000000000000010000001000000100011000010100001100000100000000110000100000000110001000011000011110001001000011000001100001000000000011100101100000000111110000100000001100000010111000100000000100000000010000111100001100000011000110100011010110001001110000000001101000000111000110010000000000001100000000011
LMG 19966/HDS 5-1                0454                          1101000110000110000000000011111000001000001100111000010100001100001101000000110000110000000110001100011000011011001101100110000001100011000000000000110001100000000111111000100000001000000000111000110000000110000000011000111100001100000011000110110011010110001011110000000001101100000111001110001100000000001100000000001
LMG 19970/HDS 1-1/R15073         0455                          1111010110000110000000000000011000011000001100000000010000001100001101100001110000110000000110001100011000000011001101100110000001100011000000000000110101100000000111111000010000001000000110011000110000000110000000011000111100001100001011000110110011010110001001100000110011001100000111011000010100000000001100000000001
LMG 19967/HDS 4-1                0456                          1111010110000000000000000000011000111000001110111000110000001100001100000000010000110001100110001100011000011011001101100110000001100000000000011110101101100000000001110000100000001000000001011011100000000110011000010000111100001100000011100110110011010111101011110000000000001100000110011000010100000000001100000000000
LMG 19968/HDS 3-1                0457                          1101010110000100000000000000011000101000001111111000010000001100001100000000010000110001100110001100011000011011001101100110000001100000000000011000101101100000000001111000100000001000000000111011100000000110011000010001111100001100000011100110110011000111101011110000000000001100000110011000011100000000001100000000000
HDS 5-2                          0458                          0111001000100000000000000000010000001000000110000000010100000100000100100000110000110000001101111111110000000110001001000000000001100000000000000010101101100000000111110000100110001100000000011000000000000100011100010000111101001100000011100110001000011001101011100000100001111000000110011000010100000000011100000001011
HDS 4-2                          0459                          1101000110000000000000010000010000001000000001011000000001000100000101111100110000100000000110001100011000111110001101000000000001100000000000000010101101100000000111110000100000001100000000011110100000000100011000010001101100001100110011100110000011010000001011100000100000000000000111011000010000000000001101101000001
LMG 19979/HDV 1-1                0460                          0001000010010100000000110000111001111000000001100011110000001100000111111100111100111000000110011111110000110011011101100000001101100000000000000000110001100000000001111000010000001100000000111011110000000110001100011000110000101100000011000110000011000110001001100000010101100000000110011000010100000000001100000100011
TC 2-1                           0461                          1011000000011000000000010000110000101000000001000010000000000100000000110000110000110000000110011110110001100110011001110000001101000000110000000110100101100000000001110000100000001100000000111110100000000100000000010001100000001100000011000110000011010110101011100000010001100000000110011000110000000001001100000000001
1Y2-20                           0462                          0001001100101000010010000000000100011001111111100000001100000000000000000011110000100111100000000011001111011011000000000000110001100000000001100011000001101100000000011000000000010000011011011011011000000000000000001101100000000000011000110000010100011000000000000010100011000001100111100011010000000110001100000000000
COSW-2                           0463                          0001001100000000001000010000000000001000111011000000000100000000000000011110110110100010000000110011000011011011000000001000110001000000000111000010011001101100000000011000000000010000011110011011110000000000110000001001000000000000011011100001100000011000000010000010100101101001000111000011010000000110001100000000000
LMG 19975/HDD 5-1                0464                          0001001100010000010000010001100110011000110011110110011111000000000000011000111100110011000110000011000011011111100000001000110001000000000001100011011001101100100000000000000000110000011000011011011001110110000000001101100000001111000001100000000110011000000011000010100110000011100111110011001100000110001110000000000
HDD 5-2                          0465                          1001001000010000001000010000000110001000010111100010001101000000000000011000111000100010000100000011000011011011100000000000110001000000000001000011011001101001000000011000000000110000010010011000010001110000000000001101000000011110000001100000000100110000000010000010000110000011100101100011010000000110001100000011000
LMG 19965/2Y1-13                 0466                          0011001100000010010000110000000100011001111111100000001100000011000000000000010000110000000110000011001111011111101100001000110001000110000001100000000001101101100000000000000000001100011110011011011000011000000000001101100000000110011000110000111100011000000000000010100111000001100111110001001100001010001100000000000
KSW-5                            0467                          0001011000000000001000010000000100001000100111100000000100000010000000000000000000100010001100000011001111110111100000001100110001000110000001011010000001001101100000011000000000010000011010011011010000111000000000001101000000000110011001101100100100011000000000000010100111000001100101110001011000001010001100000001100
IAM 14597                        0468                          0001000100000001001000010000000100001000010100110000000100001100010000100000100000100011000010000001001111011011100000000000110000000000000001100001000001100000110000011000000100010000011110011011011111111110000000001101100000000000011001100000000000011011000000000010100110000000110111011011001100001010001100000000000
LMG 19963/TC 4-2                 0469                          0011000100000000111000000000001100011000110111110000001110000000001101100000111001110010000111100011000011011011100000011000110000000000011001100000000001100000000000011000000000010000011000011011000000011000000000001101100000000110011001101100001100011000000000000110110011000011100111011000010110000011001110000000001
IAM 14598                        0470                          0001000100100001001100010000000100001000010101110011000000000000000000011000110110100011000110000011000011011011000000001000110001100000011001100011000001101101100000011000000000010000111110011011011001110000000000001101100000000011001100110000000000011000000011000000100111000001100111010011001100001010001110000001000
IAM 14599                        0471                          0001000100000010001100010000000100001000011110111000000000000000000000000000010000100010000010000001000011011011000000001000111100000110000001100011000001101100001100011000000000010000011110011011011000110000000000001111100000000011001101100000000000111000000000000010110110000001100111110011001100000110001100000000000
2Y2-23                           0472                          0001001000000000001000010000000100001010101011101000000100000000000011110000011000100010001100000010000001110011101100001110110001100000000001110010000001101100101000011000000000011001111010011011100000000000000000001101000000000110001101100000000000111000000011000010110110000001000111000011001100001010001100110001000
LMG 18542T/IAM 14596T            0473                          0001000100000001011000000000100100001000010011100000000100000100000010001000111000100010000010000000000011011011000000001011000001110000000001100011000001100000110000110000000100011001110000011000000001110000111000001100000000000011011000110000000000111000000011000010101010011000110110110011001100001010001100000000000
KL1Y1-12                         0474                          0011001100010111011000110000001100011000110111110000001100000000000000000000110000110011000110000000000011011111100000010110110111100000000001100011000001101100000000110000000000010000011110011000000110011000000000001101000000000011011000110000001100111000000000000010110011000000000111111011001100001010001100000000110
KLA1Y1-10                        0475                          0001001100000010011000000000000100011000111110110000000100000000000000011000111000100011000010000011000011011011001100000011110000000110000001100011000001101100000000110000000000001100011110011000011011100000000000001101000000000000011000110000001100011000000011000010101010000000000111010011001100001010001100000000110
KL1Y2-10                         0476                          0011000100000010111000000000000100001001111111110000000100000000000001111000110000110011000110000011000011011011111000000110000001110000000001100011000001100000000000110000000000010000000110011011000001100000000000001100000000000000001100000000001100111000000011000010110011000000000111000011010100001010001100000000000
KL1Y1-18                         0477                          0001000100000000010000110000001100011000111111100000111100000000000000011000111000110011000110000011000011011011111100001100111101000000000001100011000001101100000011000000000000010001111000011011011000110000000000001101100000000110001101100000000000011001100011000010100111000001110011111011101100001010001100000000000
LMG 19964/1Y2-26                 0478                          0011001100000000011000110000000000011111111110110000111100000000000000011011110000110011000110000011000011011111101100000001111001100000000001111011000001101100000000011000000000010000011010011011010000011000000000001101100000000110001100110000000000011001100011000010110101100001100111100011000000001010001100000000000
25Y1-10                          0479                          0001001100000000010000110000000100011001111111110000000100000111100000011000010000100011000110000011000011011111100110011000110001100000000001100011000001101100000000011000000011011000011000000011111000110000000000001101100000000110001100110000011000011000000011000010110110000001100111010011101100000110001100000000000
25Y2-25                          0480                          0011001100000000010000110000000100011001111111110000000100000000000000011000000110110011000110000001000011011011001100010000111101100000000001100011000001101100110000000000000000010000011000011011011001110110000000001101100000000110001111110001100000011000000000000010110101100100110111110011001100001010001100000000000
KN1Y2-9                          0481                          1011001100001000010000110000000100011111111111100000001100000000000000011011111110110011000000000011000011011011101100001100110001100000000001111011000001101100000000000000000000010000011110011011011000110000000000001101100000000000011000110000000000011000000011000010100110000001100111110011001100000110001100000000000
KN1Y1-9                          0482                          1011001100000000011000110001101100011000111111110000001100000000011000011011011000110011000110000011000011011011100000011000110001100000000001100011000001101100010000000000000000010000011110011000110000110000000000001101100000000110011000110000000000011000000011000010110110000001100111010011001100001010001100000000000
KLA1Y2-23                        0483                          0011001100000000011000110001101100011001111111111000000100000110000000011000111000110111000110000000001111011111100000000001110000000000000001100011000001101100000000000000000000010000011110011000110000110000000000001101100000000000001101100000110000111000000011000000000011000001100111110011001100001010001100000000000
LMG 19974/HDD 4-1                0484                          0011000100000001010000000000001100111000011110110000000000000000000001111000010001110011000000000001000011111111110000011000111101100000011001100011110001101101100000000000000001110110011000011000011000110000000000001101100000000000001111100000000110011000000001101010100110000011100111110011000000000000000110001100000
HDD 4-2                          0485                          0011001000000001001000000000000100001000011100100000000000000000000001111000000001110110000000000110000011011111110000010000111101000000011001000011110001101101000000011000000001110110011110011000010000100000000000001111000000000000001111100000000100011000000001101010000110000011000011100011010000000000001100011100000
R 3692                           0486                          0001000001000000000001100000000011000000000000000110000000000001111000000000000000000000000001100001100000011000000000000000000000000011000000011000110000011000110000110000110011000110001111001100000000000011000000110100001111001100000000011000011101110000110011000000000000000110000011011001011010101000011000001100000
R 3678                           0487                          0001000001000100000000000000000001100000000000000001000000011000111100000011000000000000000000000001100011110000000000000000000000001111011000011000110000011000000000111000000011000110001100001100000000000011000000111100011111001100000000011000000110110000110011000000000011000000000011011000011011010100011110000100000
R 3727                           0488                          0001001001000100000000000000000000000000000000000001000000000000101100000000100000001100000001100001111100011000000000000000000000000010000000011000110000011011000000000000000001000110001100000110000000000011000000111100001011000000011001111000000001010000110011000000000000000110000011011001011000011000010110000000000
R 3792                           0489                          0000000001110100000000000000000000000000010000000010000000000000101000000000000000000100000000000000000000010000100000000000000000000010000000010010100000011000000000110000000110000010000100000100000000000011000000110000001100001000000001100000000001100000110111001100000000000000100011100001111110010100010010001100000
R 3690                           0490                          0000000001011100000000000000000000000000010000000011000000000000101100000000000000001100000000000000000000011000110000000000000000000011000000011011110000011000000001111000000011000110000110000110000000000011000000010100001100001100000001100000000001100001100111001100000000000010110011110000111010010100011100000000000
R 3759                           0491                          0000000001100100000000100010000001000000010000000011000000000000101000000001000000001100011001100001100000011000110000000000000000000111000000011011110000011000000001110000001011000110000011001101100000000011110000011110001100100000000001111000001111100000100111001100000011000010000011100001011010010110011100000000000
R 3822                           0492                          0000000001100100000000000000000001000000000000000011000000000000101100000001000000001100011001100001100000011000110000000110000000000010000000011100110000011000000001111000000011000000000111001011000000000011000000010100001100110000000000011000011001100000110111000000000011000011000011110001110110011010011100001100110
R 3764                           0493                          1000000001010000000000000000000111100011110000000110000000000001111000000001100000001100000001100001100000000000110000000000000000000111000000011010110000011000000000110000110011000110001111001100000000000011000000011110001100111100000010111000011101100000110111101100000010000011110011100000111000110110011111000000000
R 3847                           0494                          0000000001010000000000000000000000100000000000000001000000000001101100000001100000001100000001100001100000000000000000000000000000000011000000011000110000011000000001111000000011100110001111000110000000000011000000011100001111110000000000011000001111100000000011000000000000110010010011100001011000101010011111001100000
R 3749                           0495                          0000000001100000000000000000000001000000000000000011000011000000101100000001100000001100000001100000100000000000000000000000000000000011000000011000110000011000000001111000000011000110001111000110000000000011000000011100001101110000000000011000001101100000100011000000000000110000110011000001011000110110011100001100000
R 3773                           0496                          0000000001010000000000000000000001000000000000000001000000000000101100000001000000000100000001100001100000000000000000000000000000000011000000011000110000011000000000110000110111000110001111000110000000000011000000010100001101110000000000011000001111100000000111000000000000110000110011000000011000101110011110001100000
R 3717                           0497                          0000000001010000000000000000000001000000000000000011000000000000101000000001000000000100000001100001100000000000000000000000000000000010000000010000110000011000000001111000000011100110000111000110000000000011000000010100001100111000000001111000001111100000100011000000000000110010110011010001011000111010011110000000000
R 3929                           0498                          0000000001000000000000000000000001000000000000000001000000000000101100000001100000001100000001100001100000000000000000000000000000000011000000011000110000011000000001111000000011110110001111000110000000000011000000010100001100111100000010011000011101100000110011000000000000110001100011110001011000110110011110000000000
R 3814                           0499                          0000000001010000000000000000000001000000000000000001000000000000101000000001000000000110000001100000000000000000000000000000000000000011000000011000110000011000000000110000110011000110001111001100000000000011000000010100001100001000000001111000000111100000000011110000000000001100110011000000011000001010011100000110000
R 3729                           0500                          0000000001010100000000000000000000000000000000000001000001000000101100000001100011000110000001100000000000000000000000000000000000000011000000011000110000011000000000110000110011000110001111001100000000000011000000010100001100001100000000011000000111100000110011000000000000000000010011100000111000101000001100001110000
R 3819                           0501                          0000000001010100000000000000000000000001000000000001000000000000101000000001000001000100000000100000000000000000000000000000000000000010000000011001110000001000000000110000110011000110000011001100000000000011000001111000001100000000000000000000000111100000000011000000000000000001010011000001011000101100011100001110000
R 3731                           0502                          0000000001100000000000000000100001000010000000001010000000000000101000000001000000000100000001100000000000000000000000000000000000000011000000011000110000011000000001111000000011000110001111001100000000000011000000011111011000000000000001111000000001100000100011000000000000000010000011100001011010010110011100001110000
R 3668                           0503                          0000000001010000000000000000100001000010000000001001000000000000101000000001000000000100000000100000000000000000000000000000000000000010000000011000110000011000000000111000000011000110001111001100000000000011000000010111011000000000000001111000000001100000100111000000000000000011000011100001011000010110011110001110000
R 3725                           0504                          0000000001010000000000000000000100100000000000000001000000000001111100000001100000001100000001100001100000000000000000000000000000000111000000011001100000011000000001111000111011000110001111001101100000000011000000011100001100000000000000011000001111100000000011000000000011000000110011110001100010000110001100000001100
R 3708                           0505                          0000000001010000000000000000001101000000000000000011000000000000111100000001100000001110000001100001100000000000000000000000000000000011000000011000110000011000000001111000111011000110001111001101100000000011000000011100001100000000000000011000000101100000000111001100000011000000100011110001100010000110001100000001100
R 3719                           0506                          0000000001010000000001100000000111000000000000000001000000000001101100000001100000000110000001100001100000000000000000000000000000000011000000011000110000011000000000111000111011000110000011001101100000000011000001111100001100000000000000011000000111100000000011001100000011000000110011000001100000010110001100000101100
R 3710                           0507                          0000000001010000000000100000000101000000000000000001000000000001111000000001100000000110000001100001100000000000000000000000000000000011000000011000110000011000000001111000111011000110000011001101100000000011110001111100001100000000000000011000001101100000000011001100000011000000110011000001100000010110011100000001100
